ID,Name,disableParam_NT,disableParam_Product,disableParamReserve1,disableParamReserve2,iconId,modelId,sortId,weight,energyMax,energyRecoveryPerSec,consumeEN,energyRecoveryDelayTimeSec,predictionShoot_BulletSpeedMPS,predictionShoot_MaxShootOffset,predictionShoot_StartPredDist,energyRecoveryDelayTimeForEmptySec,missileLockPerf,pad_end,Maker,sellValue,saleValue,computed_f00,computed_f01,computed_f02,computed_f03,computed_f04,computed_f05,computed_f06,computed_f07,computed_f08,computed_f09,computed_f10,computed_f11,computed_f12,computed_f13,computed_f14,computed_f_last,missileLockTimeRate,missileMultiLockTimeRate,refId,perfRateAddScale,perfRateSubScale,stageMaxVal0,stageMaxVal1,stageMaxVal2,stageMaxVal3,stageMaxVal4,stageMaxGrowVal0,stageMaxGrowVal1,stageMaxGrowVal2,stageMaxGrowVal3,stageMaxGrowVal4,pad_end2,
70000000,FCS-G1/P01,0,0,0,[0|0|0],15,8960,0,80,0,0,198,0,350,80,390,0,0,[0|0|0|0|0|0],16,9500,9500,0,0,0,0,0,0,0,0,0,0,0,0,0,0,0,0,1.2,1.6,-1,1,1,0,120,140,250,270,0.38,0.38,0.27,0.27,0.2,[0|0|0|0|0|0|0|0|0|0|0|0|0|0|0|0]
70010000,FCS-G2/P05,0,0,0,[0|0|0],15,8961,10000,100,0,0,232,0,350,80,390,0,0,[0|0|0|0|0|0],16,44000,44000,0,0,0,0,0,0,0,0,0,0,0,0,0,0,0,0,0.95,1.4,-1,1,1,0,120,140,250,270,0.42,0.42,0.8,0.8,0.26,[0|0|0|0|0|0|0|0|0|0|0|0|0|0|0|0]
70010100,FCS-G2/P10SLT,0,0,0,[0|0|0],15,8962,10010,120,0,0,209,0,350,80,390,0,0,[0|0|0|0|0|0],16,9500,9500,0,0,0,0,0,0,0,0,0,0,0,0,0,0,0,0,0.72,1.1,-1,1,1,0,120,140,250,270,0.31,0.31,0.41,0.41,0.29,[0|0|0|0|0|0|0|0|0|0|0|0|0|0|0|0]
70010200,FCS-G2/P12SML,0,0,0,[0|0|0],15,8963,10020,130,0,0,278,0,350,80,390,0,0,[0|0|0|0|0|0],16,9500,9500,0,0,0,0,0,0,0,0,0,0,0,0,0,0,0,0,0.82,0.8,-1,1,1,0,120,140,250,270,0.28,0.28,0.53,0.53,0.3,[0|0|0|0|0|0|0|0|0|0|0|0|0|0|0|0]
70010300,FC-006 ABBOT,0,0,0,[0|0|0],15,8964,100000,90,0,0,266,0,350,80,390,0,0,[0|0|0|0|0|0],11,9500,9500,0,0,0,0,0,0,0,0,0,0,0,0,0,0,0,0,1.26,1.54,-1,1,1,0,120,140,250,270,0.74,0.74,0.38,0.38,0.05,[0|0|0|0|0|0|0|0|0|0|0|0|0|0|0|0]
70010400,FC-008 TALBOT,0,0,0,[0|0|0],15,8965,100010,140,0,0,312,0,350,80,390,0,0,[0|0|0|0|0|0],11,9500,9500,0,0,0,0,0,0,0,0,0,0,0,0,0,0,0,0,0.97,1.38,-1,1,1,0,120,140,250,270,0.65,0.65,0.57,0.57,0.32,[0|0|0|0|0|0|0|0|0|0|0|0|0|0|0|0]
70020000,VE-21A,0,0,0,[0|0|0],15,8966,300000,85,0,0,320,0,350,80,390,0,0,[0|0|0|0|0|0],20,9500,9500,0,0,0,0,0,0,0,0,0,0,0,0,0,0,0,0,1.35,1.2,-1,1,1,0,120,140,250,270,0.45,0.45,0.72,0.72,0.92,[0|0|0|0|0|0|0|0|0|0|0|0|0|0|0|0]
70020100,VE-21B,0,0,0,[0|0|0],15,8967,300010,160,0,0,388,0,350,80,390,0,0,[0|0|0|0|0|0],20,9500,9500,0,0,0,0,0,0,0,0,0,0,0,0,0,0,0,0,1.03,1.3,-1,1,1,0,120,140,250,270,0.15,0.15,0.85,0.85,0.9,[0|0|0|0|0|0|0|0|0|0|0|0|0|0|0|0]
70030000,IA-C01F: OCELLUS,0,0,0,[0|0|0],15,8968,600000,130,0,0,292,0,350,80,390,0,0,[0|0|0|0|0|0],2,9500,9500,0,0,0,0,0,0,0,0,0,0,0,0,0,0,0,0,1.55,1.5,-1,1,1,0,120,140,250,270,0.81,0.81,0.12,0.12,0.03,[0|0|0|0|0|0|0|0|0|0|0|0|0|0|0|0]
70030100,IB-C03F: WLT 001,0,0,0,[0|0|0],15,8969,600010,150,0,0,486,0,350,80,390,0,0,[0|0|0|0|0|0],2,9500,9500,0,0,0,0,0,0,0,0,0,0,0,0,0,0,0,0,0.98,1.34,-1,1,1,0,120,140,250,270,0.58,0.58,0.77,0.77,0.54,[0|0|0|0|0|0|0|0|0|0|0|0|0|0|0|0]
70900000,FCS-G1/P01 (Escape Mission),0,0,0,[0|0|0],15,8960,1,150,0,0,105,0,800,35,250,0,0,[0|0|0|0|0|0],15,9500,9500,0,250,800,0,0,0,0,0,0,0,0,0,0,0,0,0,1,1,-1,1,1,0,0,0,0,0,0,0,0,0,0,[0|0|0|0|0|0|0|0|0|0|0|0|0|0|0|0]
70900100,FCS-G1/P01 [Inherited],0,0,0,[0|0|0],0,0,0,1,0,0,0,0,0,0,0,0,0,[0|0|0|0|0|0],0,0,-1,0,0,0,0,0,0,0,0,0,0,0,0,0,0,0,0,1,1,70000000,1,1,0,0,0,0,0,0,0,0,0,0,[0|0|0|0|0|0|0|0|0|0|0|0|0|0|0|0]
70900200,FCS-G1/P01 [Inherited],0,0,0,[0|0|0],0,0,0,1,0,0,0,0,0,0,0,0,0,[0|0|0|0|0|0],0,0,-1,0,0,0,0,0,0,0,0,0,0,0,0,0,0,0,0,1,1,70000000,1,1,0,0,0,0,0,0,0,0,0,0,[0|0|0|0|0|0|0|0|0|0|0|0|0|0|0|0]
70900300,FC-006 ABBOT [Inherited],0,0,0,[0|0|0],0,0,0,1,0,0,0,0,0,0,0,0,0,[0|0|0|0|0|0],0,0,-1,0,0,0,0,0,0,0,0,0,0,0,0,0,0,0,0,1,1,70010300,1,1,0,0,0,0,0,0,0,0,0,0,[0|0|0|0|0|0|0|0|0|0|0|0|0|0|0|0]
70900400,FCS-G2/P05 [Inherited],0,0,0,[0|0|0],0,0,0,1,0,0,0,0,0,0,0,0,0,[0|0|0|0|0|0],0,0,-1,0,0,0,0,0,0,0,0,0,0,0,0,0,0,0,0,1,1,70010000,1,1,0,0,0,0,0,0,0,0,0,0,[0|0|0|0|0|0|0|0|0|0|0|0|0|0|0|0]
70900500,FCS-G2/P12SML [Inherited],0,0,0,[0|0|0],0,0,0,1,0,0,0,0,0,0,0,0,0,[0|0|0|0|0|0],0,0,-1,0,0,0,0,0,0,0,0,0,0,0,0,0,0,0,0,1,1,70010200,1,1,0,0,0,0,0,0,0,0,0,0,[0|0|0|0|0|0|0|0|0|0|0|0|0|0|0|0]
70900600,FCS-G2/P12SML [Inherited],0,0,0,[0|0|0],0,0,0,1,0,0,0,0,0,0,0,0,0,[0|0|0|0|0|0],0,0,-1,0,0,0,0,0,0,0,0,0,0,0,0,0,0,0,0,1,1,70010200,1,1,0,0,0,0,0,0,0,0,0,0,[0|0|0|0|0|0|0|0|0|0|0|0|0|0|0|0]
70901000,FCS-G1/P01 [Inherited from Escape Mission],0,0,0,[0|0|0],0,0,0,1,0,0,0,0,0,0,0,0,0,[0|0|0|0|0|0],0,0,-1,0,0,0,0,0,0,0,0,0,0,0,0,0,0,0,0,1,1,70900000,1,1,0,0,0,0,0,0,0,0,0,0,[0|0|0|0|0|0|0|0|0|0|0|0|0|0|0|0]
70901100,FCS-G1/P01 [Inherited],0,0,0,[0|0|0],0,0,0,1,0,0,0,0,0,0,0,0,0,[0|0|0|0|0|0],0,0,-1,0,0,0,0,0,0,0,0,0,0,0,0,0,0,0,0,1,1,70000000,1,1,0,0,0,0,0,0,0,0,0,0,[0|0|0|0|0|0|0|0|0|0|0|0|0|0|0|0]
