ID,Name,equipId,price,eventFlag_forRelease,equipType,pad_0,isTrophyTarget,rewardCondition,pad_1,
28,EXPANSION - TERMINAL ARMOR,75030000,0,0,0,[0|0],1,0,[0|0|0|0|0|0|0|0|0|0|0|0]
29,EXPANSION - PULSE PROTECTION,75020000,0,0,0,[0|0],1,0,[0|0|0|0|0|0|0|0|0|0|0|0]
30,EXPANSION - PULSE ARMOR,75010000,0,0,0,[0|0],1,0,[0|0|0|0|0|0|0|0|0|0|0|0]
31,EXPANSION - ASSAULT ARMOR,75000000,0,0,0,[0|0],1,0,[0|0|0|0|0|0|0|0|0|0|0|0]
32,EXPANSION - ENERGY ASSAULT,75040000,0,1000,0,[0|0],1,1,[0|0|0|0|0|0|0|0|0|0|0|0]
33,EXPANSION - ORBITAL PRECISION STRIKE,75050000,0,1000,0,[0|0],1,1,[0|0|0|0|0|0|0|0|0|0|0|0]
34,HEAD - HD-011 MELANDER,50000000,75000,6200,1,[0|0],1,0,[0|0|0|0|0|0|0|0|0|0|0|0]
35,CORE - BD-011 MELANDER,51000000,195000,6200,1,[0|0],1,0,[0|0|0|0|0|0|0|0|0|0|0|0]
36,ARMS - AR-011 MELANDER,52000000,95000,6200,1,[0|0],1,0,[0|0|0|0|0|0|0|0|0|0|0|0]
37,LEGS - LG-011 MELANDER,53000000,175000,6200,1,[0|0],1,0,[0|0|0|0|0|0|0|0|0|0|0|0]
38,HEAD - HD-012 MELANDER C3,50000300,0,0,1,[0|0],1,0,[0|0|0|0|0|0|0|0|0|0|0|0]
39,CORE - BD-012 MELANDER C3,51000300,0,0,1,[0|0],1,0,[0|0|0|0|0|0|0|0|0|0|0|0]
40,ARMS - AR-012 MELANDER C3,52000300,0,0,1,[0|0],1,0,[0|0|0|0|0|0|0|0|0|0|0|0]
41,LEGS - LG-012 MELANDER C3,53000300,0,0,1,[0|0],1,0,[0|0|0|0|0|0|0|0|0|0|0|0]
42,HEAD - HS-5000 APPETIZER,50000100,199000,6275,1,[0|0],1,0,[0|0|0|0|0|0|0|0|0|0|0|0]
43,CORE - CS-5000 MAIN DISH,51000100,519000,6275,1,[0|0],1,0,[0|0|0|0|0|0|0|0|0|0|0|0]
44,ARMS - AS-5000 SALAD,52000100,249000,6275,1,[0|0],1,0,[0|0|0|0|0|0|0|0|0|0|0|0]
45,LEGS - 2S-5000 DESSERT,53000100,439000,6275,1,[0|0],1,0,[0|0|0|0|0|0|0|0|0|0|0|0]
46,HEAD - HD-033M VERRILL,50000200,205000,6250,1,[0|0],1,0,[0|0|0|0|0|0|0|0|0|0|0|0]
47,LEGS - LG-033M VERRILL,53200000,465000,6250,1,[0|0],1,0,[0|0|0|0|0|0|0|0|0|0|0|0]
48,LEGS - LG-022T BORNEMISSZA,53300000,280000,6220,1,[0|0],1,0,[0|0|0|0|0|0|0|0|0|0|0|0]
49,HEAD - Kitbash,50000400,10,1000,1,[0|0],1,0,[0|0|0|0|0|0|0|0|0|0|0|0]
50,Core - Kitbash 2,51050200,10,1000,1,[0|0],1,0,[0|0|0|0|0|0|0|0|0|0|0|0]
51,Core - Kitbash 3,51050300,10,1000,1,[0|0],1,0,[0|0|0|0|0|0|0|0|0|0|0|0]
52,HEAD - DF-HD-08 TIAN-QIANG,50010000,58000,6200,1,[0|0],1,0,[0|0|0|0|0|0|0|0|0|0|0|0]
53,CORE - DF-BD-08 TIAN-QIANG,51010000,390000,6200,1,[0|0],1,0,[0|0|0|0|0|0|0|0|0|0|0|0]
54,ARMS - DF-AR-08 TIAN-QIANG,52010000,200000,6200,1,[0|0],1,0,[0|0|0|0|0|0|0|0|0|0|0|0]
55,LEGS - DF-LG-08 TIAN-QIANG,53010000,350000,6200,1,[0|0],1,0,[0|0|0|0|0|0|0|0|0|0|0|0]
56,ARMS - DF-AR-09 TIAN-LAO,52010100,310000,6230,1,[0|0],1,0,[0|0|0|0|0|0|0|0|0|0|0|0]
57,Core - Nightmare,51050400,10,1000,1,[0|0],1,0,[0|0|0|0|0|0|0|0|0|0|0|0]
58,LEGS - DRAGON,53204400,10,1000,1,[0|0],1,0,[0|0|0|0|0|0|0|0|0|0|0|0]
59,HEAD - NACHTREIHER/44E,50020000,84000,6200,1,[0|0],1,0,[0|0|0|0|0|0|0|0|0|0|0|0]
60,CORE - NACHTREIHER/40E,51020000,275000,6200,1,[0|0],1,0,[0|0|0|0|0|0|0|0|0|0|0|0]
61,ARMS - NACHTREIHER/46E,52020000,138000,6200,1,[0|0],1,0,[0|0|0|0|0|0|0|0|0|0|0|0]
62,LEGS - NACHTREIHER/42E,53020000,243000,6200,1,[0|0],1,0,[0|0|0|0|0|0|0|0|0|0|0|0]
63,HEAD - KASUAR/44Z,50020100,210000,6230,1,[0|0],1,0,[0|0|0|0|0|0|0|0|0|0|0|0]
64,LEGS - KASUAR/42Z,53120000,192000,6210,1,[0|0],1,0,[0|0|0|0|0|0|0|0|0|0|0|0]
65,Core - DRAGON,51051400,10,1000,1,[0|0],1,0,[0|0|0|0|0|0|0|0|0|0|0|0]
66,HEAD - VP-44S,50030000,124000,6200,1,[0|0],1,0,[0|0|0|0|0|0|0|0|0|0|0|0]
67,CORE - VP-40S,51030000,354000,6200,1,[0|0],1,0,[0|0|0|0|0|0|0|0|0|0|0|0]
68,ARMS - VP-46S,52030000,177000,6200,1,[0|0],1,0,[0|0|0|0|0|0|0|0|0|0|0|0]
69,LEGS - VP-422,53030000,313000,6200,1,[0|0],1,0,[0|0|0|0|0|0|0|0|0|0|0|0]
70,HEAD - VP-44D,50030100,231000,6260,1,[0|0],1,0,[0|0|0|0|0|0|0|0|0|0|0|0]
71,ARMS - VP-46D,52030100,258000,6260,1,[0|0],1,0,[0|0|0|0|0|0|0|0|0|0|0|0]
72,LEGS - VP-424,53230000,313000,6220,1,[0|0],1,0,[0|0|0|0|0|0|0|0|0|0|0|0]
73,HEAD - VE-44A,50040000,275000,6250,1,[0|0],1,0,[0|0|0|0|0|0|0|0|0|0|0|0]
74,CORE - VE-40A,51040000,570000,6250,1,[0|0],1,0,[0|0|0|0|0|0|0|0|0|0|0|0]
75,ARMS - VE-46A,52040000,286000,6250,1,[0|0],1,0,[0|0|0|0|0|0|0|0|0|0|0|0]
76,LEGS - VE-42A,53040000,504000,6250,1,[0|0],1,0,[0|0|0|0|0|0|0|0|0|0|0|0]
77,HEAD - VE-44B,50040100,306000,6260,1,[0|0],1,0,[0|0|0|0|0|0|0|0|0|0|0|0]
78,LEGS - VE-42B,53340000,490000,6260,1,[0|0],1,0,[0|0|0|0|0|0|0|0|0|0|0|0]
79,HEAD - BALTEUS,50030200,10,1000,1,[0|0],1,0,[0|0|0|0|0|0|0|0|0|0|0|0]
80,HEAD - 20-081 MIND ALPHA,50050000,223000,0,1,[0|0],1,10,[0|0|0|0|0|0|0|0|0|0|0|0]
81,CORE - 07-061 MIND ALPHA,51050000,553000,0,1,[0|0],1,5,[0|0|0|0|0|0|0|0|0|0|0|0]
82,ARMS - 04-101 MIND ALPHA,52050000,272000,0,1,[0|0],1,1,[0|0|0|0|0|0|0|0|0|0|0|0]
83,LEGS - 06-041 MIND ALPHA,53050000,482000,0,1,[0|0],1,3,[0|0|0|0|0|0|0|0|0|0|0|0]
84,HEAD - 20-082 MIND BETA,50050100,261000,0,1,[0|0],1,14,[0|0|0|0|0|0|0|0|0|0|0|0]
85,LEGS - HEAD - 06-042 MIND BETA,53150000,521000,0,1,[0|0],1,7,[0|0|0|0|0|0|0|0|0|0|0|0]
86,HEAD - EL-TH-10 FIRMEZA,50060000,177000,6230,1,[0|0],1,0,[0|0|0|0|0|0|0|0|0|0|0|0]
87,CORE - EL-TC-10 FIRMEZA,51060000,452000,6230,1,[0|0],1,0,[0|0|0|0|0|0|0|0|0|0|0|0]
88,ARMS - EL-TA-10 FIRMEZA,52060000,227000,6230,1,[0|0],1,0,[0|0|0|0|0|0|0|0|0|0|0|0]
89,LEGS - EL-TL-10 FIRMEZA,53060000,400000,6230,1,[0|0],1,0,[0|0|0|0|0|0|0|0|0|0|0|0]
90,LEGS - EL-TL-11 FORTALEZA,53360000,385000,6240,1,[0|0],1,0,[0|0|0|0|0|0|0|0|0|0|0|0]
91,HEAD - IB-C03H: HAL 826,50080000,254000,0,1,[0|0],1,0,[0|0|0|0|0|0|0|0|0|0|0|0]
92,CORE - IB-C03C: HAL 826,51080000,663000,0,1,[0|0],1,0,[0|0|0|0|0|0|0|0|0|0|0|0]
93,ARMS - IB-C03A: HAL 826,52080000,322000,0,1,[0|0],1,0,[0|0|0|0|0|0|0|0|0|0|0|0]
94,LEGS - IB-C03L: HAL 826,53080000,563000,0,1,[0|0],1,0,[0|0|0|0|0|0|0|0|0|0|0|0]
95,HEAD - IA-C01H: EPHEMERA,50080100,237000,0,1,[0|0],1,0,[0|0|0|0|0|0|0|0|0|0|0|0]
96,CORE - IA-C01C: EPHEMERA,51080100,590000,0,1,[0|0],1,0,[0|0|0|0|0|0|0|0|0|0|0|0]
97,ARMS - IA-C01A: EPHEMERA,52080100,296000,0,1,[0|0],1,0,[0|0|0|0|0|0|0|0|0|0|0|0]
98,LEGS - IA-C01L: EPHEMERA,53080100,521000,0,1,[0|0],1,0,[0|0|0|0|0|0|0|0|0|0|0|0]
99,HEAD - AH-J-124 BASHO,50070200,61000,6240,1,[0|0],1,0,[0|0|0|0|0|0|0|0|0|0|0|0]
100,CORE - AC-J-120 BASHO,51070200,166000,6240,1,[0|0],1,0,[0|0|0|0|0|0|0|0|0|0|0|0]
101,ARMS - AA-J-123 BASHO,52070200,81000,6240,1,[0|0],1,0,[0|0|0|0|0|0|0|0|0|0|0|0]
102,LEGS - AL-J-121 BASHO,53070200,141000,6240,1,[0|0],1,0,[0|0|0|0|0|0|0|0|0|0|0|0]
103,HEAD - AH-J-124/RC JAILBREAK,50900000,0,0,1,[0|0],1,0,[0|0|0|0|0|0|0|0|0|0|0|0]
104,CORE - AC-J-120/RC JAILBREAK,51900000,0,0,1,[0|0],1,0,[0|0|0|0|0|0|0|0|0|0|0|0]
105,ARMS - AA-J-123/RC JAILBREAK,52900000,0,0,1,[0|0],1,0,[0|0|0|0|0|0|0|0|0|0|0|0]
106,LEGS - AL-J-121/RC JAILBREAK,53900000,0,0,1,[0|0],1,0,[0|0|0|0|0|0|0|0|0|0|0|0]
107,HEAD - HC-3000 WRECKER,50070300,59000,0,1,[0|0],1,0,[0|0|0|0|0|0|0|0|0|0|0|0]
108,CORE - CC-3000 WRECKER,51070300,158000,0,1,[0|0],1,0,[0|0|0|0|0|0|0|0|0|0|0|0]
109,ARMS - AC-3000 WRECKER,52070300,79000,0,1,[0|0],1,0,[0|0|0|0|0|0|0|0|0|0|0|0]
110,LEGS - 2C-3000 WRECKER,53070300,139000,0,1,[0|0],1,0,[0|0|0|0|0|0|0|0|0|0|0|0]
111,CORE - AAP07 BALTEUS,51030200,10,1000,1,[0|0],1,0,[0|0|0|0|0|0|0|0|0|0|0|0]
112,HEAD - HC-2000 FINDER EYE,50070400,0,1000,1,[0|0],1,0,[0|0|0|0|0|0|0|0|0|0|0|0]
113,CORE - CC-2000 ORBITER,51070400,0,1000,1,[0|0],1,0,[0|0|0|0|0|0|0|0|0|0|0|0]
114,ARMS - AC-2000 TOOL ARM,52070400,0,1000,1,[0|0],1,0,[0|0|0|0|0|0|0|0|0|0|0|0]
115,LEGS - 2C-2000 CRAWLER,53070400,0,1000,1,[0|0],1,0,[0|0|0|0|0|0|0|0|0|0|0|0]
116,HEAD - HC-2000 FINDER EYE (Damaged),99900000,10,1000,1,[0|0],1,0,[0|0|0|0|0|0|0|0|0|0|0|0]
117,CORE - CC-2000 ORBITER (Damaged),99900100,10,1000,1,[0|0],1,0,[0|0|0|0|0|0|0|0|0|0|0|0]
118,ARMS - AC-2000 TOOL ARM (Damaged),99900200,10,1000,1,[0|0],1,0,[0|0|0|0|0|0|0|0|0|0|0|0]
119,LEGS - 2C-2000 CRAWLER (Damaged),99900300,10,1000,1,[0|0],1,0,[0|0|0|0|0|0|0|0|0|0|0|0]
120,HEAD - HC-2000/BC SHADE EYE,50070600,147000,0,1,[0|0],1,31,[0|0|0|0|0|0|0|0|0|0|0|0]
121,LEGS - RC-2000 SPRING CHICKEN,53170400,419000,6240,1,[0|0],1,0,[0|0|0|0|0|0|0|0|0|0|0|0]
122,HEAD - EL-PH-00 ALBA,50080200,208000,0,1,[0|0],1,0,[0|0|0|0|0|0|0|0|0|0|0|0]
123,CORE - EL-PC-00 ALBA,51080200,531000,0,1,[0|0],1,0,[0|0|0|0|0|0|0|0|0|0|0|0]
124,ARMS - EL-PA-00 ALBA,52080200,266000,0,1,[0|0],1,0,[0|0|0|0|0|0|0|0|0|0|0|0]
125,LEGS - EL-PL-00 ALBA,53080200,469000,0,1,[0|0],1,0,[0|0|0|0|0|0|0|0|0|0|0|0]
126,HEAD - LAMMERGEIER/44F,50080300,155000,6245,1,[0|0],0,0,[0|0|0|0|0|0|0|0|0|0|0|0]
127,CORE - LAMMERGEIER/40F,51080300,395000,6245,1,[0|0],0,0,[0|0|0|0|0|0|0|0|0|0|0|0]
128,ARMS - LAMMERGEIER/46F,52080300,195000,6245,1,[0|0],0,0,[0|0|0|0|0|0|0|0|0|0|0|0]
129,LEGS - LAMMERGEIER/42F,53280300,415000,6245,1,[0|0],0,0,[0|0|0|0|0|0|0|0|0|0|0|0]
130,BOOSTER - BST-G2/P04,60000000,72000,6200,4,[0|0],1,0,[0|0|0|0|0|0|0|0|0|0|0|0]
131,BOOSTER - Phalanx Booster 1,60000001,10,1000,4,[0|0],1,0,[0|0|0|0|0|0|0|0|0|0|0|0]
132,BOOSTER - BC-0600 12345,60010000,84000,0,4,[0|0],1,0,[0|0|0|0|0|0|0|0|0|0|0|0]
133,BOOSTER - ALULA/21E,60020000,60000,0,4,[0|0],1,0,[0|0|0|0|0|0|0|0|0|0|0|0]
134,BOOSTER - FLUEGEL/21Z,60030000,202000,6240,4,[0|0],1,0,[0|0|0|0|0|0|0|0|0|0|0|0]
135,BOOSTER - IA-C01B: GILLS,60040000,151000,6220,4,[0|0],1,0,[0|0|0|0|0|0|0|0|0|0|0|0]
136,BOOSTER - BST-G2/P06SPD,60050000,133000,6250,4,[0|0],1,0,[0|0|0|0|0|0|0|0|0|0|0|0]
137,BOOSTER - BC-0200 GRIDWALKER,60060000,169000,6275,4,[0|0],1,0,[0|0|0|0|0|0|0|0|0|0|0|0]
138,BOOSTER - IB-C03B: NGI 001,60070000,323000,0,4,[0|0],1,13,[0|0|0|0|0|0|0|0|0|0|0|0]
139,BOOSTER - IA-C01B: GILLS,60070100,296000,0,4,[0|0],1,0,[0|0|0|0|0|0|0|0|0|0|0|0]
140,BOOSTER - AB-J-137 KIKAKU,60070200,53000,6230,4,[0|0],1,0,[0|0|0|0|0|0|0|0|0|0|0|0]
141,BOOSTER - BC-0400 MULE,60070300,88000,6240,4,[0|0],1,0,[0|0|0|0|0|0|0|0|0|0|0|0]
142,BOOSTER - BST-G1/P10,60070400,0,1000,4,[0|0],1,0,[0|0|0|0|0|0|0|0|0|0|0|0]
143,BOOSTER - Phalanx Booster 2,60000002,10,1000,4,[0|0],1,0,[0|0|0|0|0|0|0|0|0|0|0|0]
144,FCS - FCS-G1/P01,70000000,0,1000,5,[0|0],1,0,[0|0|0|0|0|0|0|0|0|0|0|0]
145,FCS - FCS-G2/P05,70010000,67000,6220,5,[0|0],1,0,[0|0|0|0|0|0|0|0|0|0|0|0]
146,FCS - FCS-G2/P10SLT,70010100,96000,6200,5,[0|0],1,0,[0|0|0|0|0|0|0|0|0|0|0|0]
147,FCS - FCS-G2/P12SML,70010200,141000,6240,5,[0|0],1,0,[0|0|0|0|0|0|0|0|0|0|0|0]
148,FCS - FC-006 ABBOT,70010300,135000,0,5,[0|0],1,0,[0|0|0|0|0|0|0|0|0|0|0|0]
149,FCS - FC-008 TALBOT,70010400,155000,6230,5,[0|0],1,0,[0|0|0|0|0|0|0|0|0|0|0|0]
150,FCS - VE-21A,70020000,228000,6250,5,[0|0],1,0,[0|0|0|0|0|0|0|0|0|0|0|0]
151,FCS - VE-21B,70020100,315000,6260,5,[0|0],1,0,[0|0|0|0|0|0|0|0|0|0|0|0]
152,FCS - IA-C01F: OCELLUS,70030000,367000,0,5,[0|0],1,0,[0|0|0|0|0|0|0|0|0|0|0|0]
153,FCS - IB-C03F: WLT 001,70030100,400000,0,5,[0|0],1,11,[0|0|0|0|0|0|0|0|0|0|0|0]
154,GENERATOR - AG-J-098 JOSO,65000000,0,1000,6,[0|0],1,0,[0|0|0|0|0|0|0|0|0|0|0|0]
155,GENERATOR - DF-GN-02 LING-TAI,65010000,90000,6200,6,[0|0],1,0,[0|0|0|0|0|0|0|0|0|0|0|0]
156,GENERATOR - DF-GN-06 MING-TANG,65010100,170000,6220,6,[0|0],1,0,[0|0|0|0|0|0|0|0|0|0|0|0]
157,GENERATOR - DF-GN-08 SAN-TAI,65040000,300000,6250,6,[0|0],1,0,[0|0|0|0|0|0|0|0|0|0|0|0]
158,GENERATOR - VP-20S,65010200,126000,0,6,[0|0],1,0,[0|0|0|0|0|0|0|0|0|0|0|0]
159,GENERATOR - VP-20C,65010300,229000,6240,6,[0|0],1,0,[0|0|0|0|0|0|0|0|0|0|0|0]
160,GENERATOR - VP-20D,65040100,416000,6220,6,[0|0],1,0,[0|0|0|0|0|0|0|0|0|0|0|0]
161,GENERATOR - AG-E-013 YABA,65010400,240000,6230,6,[0|0],1,0,[0|0|0|0|0|0|0|0|0|0|0|0]
162,GENERATOR - AG-T-005 HOKUSHI,65040200,312000,6260,6,[0|0],1,0,[0|0|0|0|0|0|0|0|0|0|0|0]
163,GENERATOR - VE-20A,65020000,206000,6250,6,[0|0],1,0,[0|0|0|0|0|0|0|0|0|0|0|0]
164,GENERATOR - VE-20B,65020100,324000,6280,6,[0|0],1,0,[0|0|0|0|0|0|0|0|0|0|0|0]
165,GENERATOR - VE-20C,65040300,405000,6260,6,[0|0],1,0,[0|0|0|0|0|0|0|0|0|0|0|0]
166,GENERATOR - IA-C01G: AORTA,65030000,460000,0,6,[0|0],1,0,[0|0|0|0|0|0|0|0|0|0|0|0]
167,GENERATOR - IB-C03G: NGI 000,65030100,510000,0,6,[0|0],1,9,[0|0|0|0|0|0|0|0|0|0|0|0]
168,GRENADE LAUNCHER - DF-GR-07 GOU-CHEN (Right),10060000,140000,6435,0,[0|0],1,0,[0|0|0|0|0|0|0|0|0|0|0|0]
169,GRENADE LAUNCHER - DF-GR-07 GOU-CHEN (Left),15060000,140000,6435,0,[0|0],1,0,[0|0|0|0|0|0|0|0|0|0|0|0]
170,GRENADE LAUNCHER - DIZZY (Right),10060100,260000,6260,0,[0|0],1,0,[0|0|0|0|0|0|0|0|0|0|0|0]
171,GRENADE LAUNCHER - DIZZY (Left),15060100,260000,6260,0,[0|0],1,0,[0|0|0|0|0|0|0|0|0|0|0|0]
172,BAZOOKA - LITTLE GEM (Right),10040000,163000,6250,0,[0|0],1,0,[0|0|0|0|0|0|0|0|0|0|0|0]
173,BAZOOKA - LITTLE GEM (Left),15040000,163000,6250,0,[0|0],1,0,[0|0|0|0|0|0|0|0|0|0|0|0]
174,BAZOOKA - MAJESTIC (Right),10040100,121000,6240,0,[0|0],1,0,[0|0|0|0|0|0|0|0|0|0|0|0]
175,BAZOOKA - MAJESTIC (Left),15040100,121000,6240,0,[0|0],1,0,[0|0|0|0|0|0|0|0|0|0|0|0]
176,BAZOOKA - DF-BA-06 XUAN-GE (Right),10040200,70000,6200,0,[0|0],1,0,[0|0|0|0|0|0|0|0|0|0|0|0]
177,BAZOOKA - DF-BA-06 XUAN-GE (Left),15040200,70000,6200,0,[0|0],1,0,[0|0|0|0|0|0|0|0|0|0|0|0]
178,SHOTGUN - WR-0777 SWEET SIXTEEN (Right),10050000,49000,6240,0,[0|0],1,0,[0|0|0|0|0|0|0|0|0|0|0|0]
179,SHOTGUN - WR-0777 SWEET SIXTEEN (Left),15050000,49000,6240,0,[0|0],1,0,[0|0|0|0|0|0|0|0|0|0|0|0]
180,SHOTGUN - SG-026 HALDEMAN (Right),10050100,75000,6210,0,[0|0],1,0,[0|0|0|0|0|0|0|0|0|0|0|0]
181,SHOTGUN - SG-026 HALDEMAN (Left),15050100,75000,6210,0,[0|0],1,0,[0|0|0|0|0|0|0|0|0|0|0|0]
182,SHOTGUN - SG-027 ZIMMERMAN (Right),10050200,115000,6240,0,[0|0],1,0,[0|0|0|0|0|0|0|0|0|0|0|0]
183,SHOTGUN - SG-027 ZIMMERMAN (Left),15050200,115000,6240,0,[0|0],1,0,[0|0|0|0|0|0|0|0|0|0|0|0]
184,BURST RIFLE - MA-J-200 RANSETSU-RF (Right),10000000,105000,6200,0,[0|0],1,0,[0|0|0|0|0|0|0|0|0|0|0|0]
185,BURST RIFLE - MA-J-200 RANSETSU-RF (Left),15000000,105000,6200,0,[0|0],1,0,[0|0|0|0|0|0|0|0|0|0|0|0]
186,LINEAR RIFLE - LR-036 CURTIS (Right),10000100,65000,6432,0,[0|0],1,0,[0|0|0|0|0|0|0|0|0|0|0|0]
187,LINEAR RIFLE - LR-036 CURTIS (Left),15000100,65000,6432,0,[0|0],1,0,[0|0|0|0|0|0|0|0|0|0|0|0]
188,LINEAR RIFLE - LR-037 HARRIS (Right),10000200,135000,6250,0,[0|0],1,0,[0|0|0|0|0|0|0|0|0|0|0|0]
189,LINEAR RIFLE - LR-037 HARRIS (Left),15000200,135000,6250,0,[0|0],1,0,[0|0|0|0|0|0|0|0|0|0|0|0]
190,BURST ASSAULT RIFLE - MA-J-201 RANSETSU-AR (Right),10010000,111000,6230,0,[0|0],1,0,[0|0|0|0|0|0|0|0|0|0|0|0]
191,BURST ASSAULT RIFLE - MA-J-201 RANSETSU-AR (Left),15010000,111000,6230,0,[0|0],1,0,[0|0|0|0|0|0|0|0|0|0|0|0]
192,ASSAULT RIFLE - RF-024 TURNER (Right),10010100,0,1000,0,[0|0],1,0,[0|0|0|0|0|0|0|0|0|0|0|0]
193,ASSAULT RIFLE - RF-024 TURNER (Left),15010100,55000,6200,0,[0|0],1,0,[0|0|0|0|0|0|0|0|0|0|0|0]
194,ASSAULT RIFLE - RF-025 SCUDDER (Right),10010200,205000,6240,0,[0|0],1,0,[0|0|0|0|0|0|0|0|0|0|0|0]
195,ASSAULT RIFLE - RF-025 SCUDDER (Left),15010200,205000,6240,0,[0|0],1,0,[0|0|0|0|0|0|0|0|0|0|0|0]
196,BURST MACHINE GUN - MA-E-210 ETSUJIN (Right),10020000,74000,6240,0,[0|0],1,0,[0|0|0|0|0|0|0|0|0|0|0|0]
197,BURST MACHINE GUN - MA-E-210 ETSUJIN (Left),15020000,74000,6240,0,[0|0],1,0,[0|0|0|0|0|0|0|0|0|0|0|0]
198,MACHINE GUN - MG-014 LUDLOW (Right),10020100,45000,6431,0,[0|0],1,0,[0|0|0|0|0|0|0|0|0|0|0|0]
199,MACHINE GUN - MG-014 LUDLOW (Left),15020100,45000,6431,0,[0|0],1,0,[0|0|0|0|0|0|0|0|0|0|0|0]
200,MACHINE GUN - DF-MG-02 CHANG-CHEN (Right),10020200,120000,6250,0,[0|0],1,0,[0|0|0|0|0|0|0|0|0|0|0|0]
201,MACHINE GUN - DF-MG-02 CHANG-CHEN (Left),15020200,120000,6250,0,[0|0],1,0,[0|0|0|0|0|0|0|0|0|0|0|0]
202,HEAVY MACHINE GUN - WR-0555 ATTACHE (Right),10020300,169000,6260,0,[0|0],0,0,[0|0|0|0|0|0|0|0|0|0|0|0]
203,HEAVY MACHINE GUN - WR-0555 ATTACHE (Left),15020300,169000,6260,0,[0|0],0,0,[0|0|0|0|0|0|0|0|0|0|0|0]
204,GATLING GUN - DF-GA-08 HU-BEN (Right),10030000,170000,6230,0,[0|0],1,0,[0|0|0|0|0|0|0|0|0|0|0|0]
205,GATLING GUN - DF-GA-08 HU-BEN (Left),15030000,170000,6230,0,[0|0],1,0,[0|0|0|0|0|0|0|0|0|0|0|0]
206,NEEDLE GUN - EL-PW-00 VIENTO (Right),10070000,148000,6260,0,[0|0],1,0,[0|0|0|0|0|0|0|0|0|0|0|0]
207,NEEDLE GUN - EL-PW-00 VIENTO (Left),15070000,148000,6260,0,[0|0],1,0,[0|0|0|0|0|0|0|0|0|0|0|0]
208,BURST HANDGUN - MA-E-211 SAMPU (Right),10070100,73000,6250,0,[0|0],1,0,[0|0|0|0|0|0|0|0|0|0|0|0]
209,BURST HANDGUN - MA-E-211 SAMPU (Left),15070100,73000,6250,0,[0|0],1,0,[0|0|0|0|0|0|0|0|0|0|0|0]
210,HANDGUN - HG-003 COQUILLETT (Right),10070200,35000,6200,0,[0|0],1,0,[0|0|0|0|0|0|0|0|0|0|0|0]
211,HANDGUN - HG-003 COQUILLETT (Left),15070200,35000,6200,0,[0|0],1,0,[0|0|0|0|0|0|0|0|0|0|0|0]
212,HANDGUN - HG-004 DUCKETT (Right),10070300,112000,6250,0,[0|0],1,0,[0|0|0|0|0|0|0|0|0|0|0|0]
213,HANDGUN - HG-004 DUCKETT (Left),15070300,112000,6250,0,[0|0],1,0,[0|0|0|0|0|0|0|0|0|0|0|0]
214,EXPANSION - REDSTEEL FRAMEWORK,75060000,0,1000,0,[0|0],1,1,[0|0|0|0|0|0|0|0|0|0|0|0]
215,BOOSTER - Phalanx Booster 3,60000003,10,1000,4,[0|0],1,0,[0|0|0|0|0|0|0|0|0|0|0|0]
216,PILE LAUNCHER - PB-034 ALLARD (Right),10040300,10,1000,0,[0|0],0,0,[0|0|0|0|0|0|0|0|0|0|0|0]
217,JAMMING BOMB LAUNCHER - MA-T-223 KYORIKU (Right),10080000,103000,6250,0,[0|0],1,0,[0|0|0|0|0|0|0|0|0|0|0|0]
218,JAMMING BOMB LAUNCHER - MA-T-223 KYORIKU (Left),15080000,103000,6250,0,[0|0],1,0,[0|0|0|0|0|0|0|0|0|0|0|0]
219,NAPALM BOMB LAUNCHER - MA-T-222 KYORAI (Right),10080100,91000,6230,0,[0|0],1,0,[0|0|0|0|0|0|0|0|0|0|0|0]
220,NAPALM BOMB LAUNCHER - MA-T-222 KYORAI (Left),15080100,91000,6230,0,[0|0],1,0,[0|0|0|0|0|0|0|0|0|0|0|0]
221,STUN BOMB LAUNCHER - WS-1200 THERAPIST (Right),10080200,138000,6240,0,[0|0],1,0,[0|0|0|0|0|0|0|0|0|0|0|0]
222,STUN BOMB LAUNCHER - WS-1200 THERAPIST (Left),15080200,138000,6240,0,[0|0],1,0,[0|0|0|0|0|0|0|0|0|0|0|0]
223,MISSILE LAUNCHER - HML-G2/P19MLT-04 (Right),10090000,80000,6230,0,[0|0],1,0,[0|0|0|0|0|0|0|0|0|0|0|0]
224,MISSILE LAUNCHER - HML-G2/P19MLT-04 (Left),15090000,80000,6230,0,[0|0],1,0,[0|0|0|0|0|0|0|0|0|0|0|0]
225,SPLIT MISSILE LAUNCHER - HML-G3/P08SPL-06 (Right),10090100,127000,6260,0,[0|0],1,0,[0|0|0|0|0|0|0|0|0|0|0|0]
226,SPLIT MISSILE LAUNCHER - HML-G3/P08SPL-06 (Left),15090100,127000,6260,0,[0|0],1,0,[0|0|0|0|0|0|0|0|0|0|0|0]
227,GRENADE LAUNCHER - IRIDIUM (Right),10100000,214000,6230,0,[0|0],1,0,[0|0|0|0|0|0|0|0|0|0|0|0]
228,GRENADE LAUNCHER - IRIDIUM (Left),15100000,214000,6230,0,[0|0],1,0,[0|0|0|0|0|0|0|0|0|0|0|0]
229,MULTI ENERGY RIFLE - 44-142 KRSV (Right),10120100,377000,6412,0,[0|0],1,12,[0|0|0|0|0|0|0|0|0|0|0|0]
230,MULTI ENERGY RIFLE - 44-142 KRSV (Left),15120100,377000,6412,0,[0|0],1,0,[0|0|0|0|0|0|0|0|0|0|0|0]
231,PLASMA RIFLE - Vvc-760PR (Right),10120000,202000,6210,0,[0|0],1,0,[0|0|0|0|0|0|0|0|0|0|0|0]
232,PLASMA RIFLE - Vvc-760PR (Left),15120000,202000,6210,0,[0|0],1,0,[0|0|0|0|0|0|0|0|0|0|0|0]
233,LASER RIFLE - VE-66LRB (Right),10140000,235000,6260,0,[0|0],1,0,[0|0|0|0|0|0|0|0|0|0|0|0]
234,LASER RIFLE - VE-66LRB (Left),15140000,235000,6260,0,[0|0],1,0,[0|0|0|0|0|0|0|0|0|0|0|0]
235,LASER SHOTGUN - WUERGER/66E (Right),10150000,147000,6250,0,[0|0],1,0,[0|0|0|0|0|0|0|0|0|0|0|0]
236,LASER SHOTGUN - WUERGER/66E (Left),15150000,147000,6250,0,[0|0],1,0,[0|0|0|0|0|0|0|0|0|0|0|0]
237,LASER SHOTGUN - VP-66LS (Right),10150100,105000,6230,0,[0|0],1,0,[0|0|0|0|0|0|0|0|0|0|0|0]
238,LASER SHOTGUN - VP-66LS (Left),15150100,105000,6230,0,[0|0],1,0,[0|0|0|0|0|0|0|0|0|0|0|0]
239,PLASMA RIFLE - IA-C01W1: NEBULA (Right),10150200,185000,6463,0,[0|0],1,0,[0|0|0|0|0|0|0|0|0|0|0|0]
240,PLASMA RIFLE - IA-C01W1: NEBULA (Left),15150200,185000,6463,0,[0|0],1,0,[0|0|0|0|0|0|0|0|0|0|0|0]
241,CORAL RIFLE - IA-C01W6: NB-REDSHIFT (Left),10150300,412000,6451,0,[0|0],1,34,[0|0|0|0|0|0|0|0|0|0|0|0]
242,CORAL RIFLE - IA-C01W6: NB-REDSHIFT (Left),15150300,412000,6451,0,[0|0],1,0,[0|0|0|0|0|0|0|0|0|0|0|0]
243,LASER HANDGUN - VP-66LH (Right),10110000,92000,6434,0,[0|0],1,0,[0|0|0|0|0|0|0|0|0|0|0|0]
244,LASER HANDGUN - VP-66LH (Left),15110000,92000,6434,0,[0|0],1,0,[0|0|0|0|0|0|0|0|0|0|0|0]
245,LASER RIFLE - VP-66LR (Right),10110100,98000,6210,0,[0|0],1,0,[0|0|0|0|0|0|0|0|0|0|0|0]
246,LASER RIFLE - VP-66LR (Left),15110100,98000,6210,0,[0|0],1,0,[0|0|0|0|0|0|0|0|0|0|0|0]
247,CORAL RIFLE - IB-C03W1: WLT 011 (Right),10110200,455000,6450,0,[0|0],1,33,[0|0|0|0|0|0|0|0|0|0|0|0]
248,CORAL RIFLE - IB-C03W1: WLT 011 (Left),15110200,455000,6450,0,[0|0],1,0,[0|0|0|0|0|0|0|0|0|0|0|0]
249,LASER RIFLE - VE-66LRA (Right),10110300,180000,6250,0,[0|0],1,0,[0|0|0|0|0|0|0|0|0|0|0|0]
250,LASER RIFLE - VE-66LRA (Left),15110300,180000,6250,0,[0|0],1,0,[0|0|0|0|0|0|0|0|0|0|0|0]
251,PULSE GUN - HI-16: GU-Q1 (Right),10130000,90000,6220,0,[0|0],1,0,[0|0|0|0|0|0|0|0|0|0|0|0]
252,PULSE GUN - HI-16: GU-Q1 (Left),15130000,90000,6220,0,[0|0],1,0,[0|0|0|0|0|0|0|0|0|0|0|0]
253,PULSE GUN - HI-18: GU-A2 (Right),10130100,159000,6240,0,[0|0],1,0,[0|0|0|0|0|0|0|0|0|0|0|0]
254,PULSE GUN - HI-18: GU-A2 (Left),15130100,159000,6240,0,[0|0],1,0,[0|0|0|0|0|0|0|0|0|0|0|0]
255,FLAMETHROWER - WB-0000 BAD COOK (Right),10160000,49000,6464,0,[0|0],1,0,[0|0|0|0|0|0|0|0|0|0|0|0]
256,FLAMETHROWER - WB-0000 BAD COOK (Left),15160000,49000,6464,0,[0|0],1,0,[0|0|0|0|0|0|0|0|0|0|0|0]
257,DETONATING BAZOOKA - 44-141 JVLN ALPHA (Right),10170000,210000,6402,0,[0|0],1,2,[0|0|0|0|0|0|0|0|0|0|0|0]
258,DETONATING BAZOOKA - 44-141 JVLN ALPHA (Left),15170000,210000,6402,0,[0|0],1,0,[0|0|0|0|0|0|0|0|0|0|0|0]
259,STUN GUN - VP-66EG (Right),10180000,129000,6280,0,[0|0],1,0,[0|0|0|0|0|0|0|0|0|0|0|0]
260,STUN GUN - VP-66EG (Left),15180000,129000,6280,0,[0|0],1,0,[0|0|0|0|0|0|0|0|0|0|0|0]
261,SIEGE MISSILE LAUNCHER - WS-5000 APERITIF (Right),10190000,168000,6275,0,[0|0],1,0,[0|0|0|0|0|0|0|0|0|0|0|0]
262,SIEGE MISSILE LAUNCHER - WS-5000 APERITIF (Left),15190000,168000,6275,0,[0|0],1,0,[0|0|0|0|0|0|0|0|0|0|0|0]
263,PULSE MISSILE LAUNCHER - PFAU/66D (Right),10300000,210000,6245,0,[0|0],0,0,[0|0|0|0|0|0|0|0|0|0|0|0]
264,PULSE MISSILE LAUNCHER - PFAU/66D (Left),15300000,210000,6245,0,[0|0],0,0,[0|0|0|0|0|0|0|0|0|0|0|0]
265,BOOSTER - Phalanx Booster 5,60000005,10,1000,4,[0|0],1,0,[0|0|0|0|0|0|0|0|0|0|0|0]
266,PILE LAUNCHER - PB-034 ALLARD (Left),15040300,10,1000,0,[0|0],0,0,[0|0|0|0|0|0|0|0|0|0|0|0]
267,GENERATOR - PULSE 1,65040201,10,1000,6,[0|0],1,0,[0|0|0|0|0|0|0|0|0|0|0|0]
268,PILE BUNKER - PB-033M ASHMEAD,20080000,185000,6230,0,[0|0],1,0,[0|0|0|0|0|0|0|0|0|0|0|0]
269,PULSE BLADE - HI-32: BU-TT/A,20010000,0,1000,0,[0|0],1,0,[0|0|0|0|0|0|0|0|0|0|0|0]
270,LASER BLADE - Vvc-770LB,20020000,210000,6220,0,[0|0],1,0,[0|0|0|0|0|0|0|0|0|0|0|0]
271,CORAL OSCILLATOR - IB-C03W2: WLT 101,20000100,488000,0,0,[0|0],1,15,[0|0|0|0|0|0|0|0|0|0|0|0]
272,LASER DAGGER - VP-67LD,20040000,135000,6260,0,[0|0],1,0,[0|0|0|0|0|0|0|0|0|0|0|0]
273,LIGHT WAVE BLADE - IA-CO1W2 MOONLIGHT,20000200,270000,0,0,[0|0],1,0,[0|0|0|0|0|0|0|0|0|0|0|0]
274,CORAL OSCILLATOR - IA-C)1W7: ML-REDSHIFT,20000300,463000,0,0,[0|0],1,34,[0|0|0|0|0|0|0|0|0|0|0|0]
275,GENERATOR - PULSE 2,65040202,10,1000,6,[0|0],1,0,[0|0|0|0|0|0|0|0|0|0|0|0]
276,LASER SLICER - Vvc-774LS,20030000,339000,6280,0,[0|0],1,0,[0|0|0|0|0|0|0|0|0|0|0|0]
277,EXPLOSIVE THROWER - DF-ET-09 TAI-YANG-SHOU,20100000,215000,6250,0,[0|0],1,0,[0|0|0|0|0|0|0|0|0|0|0|0]
278,LASER LANCE - VE-67LLA,20050000,270000,6250,0,[0|0],1,0,[0|0|0|0|0|0|0|0|0|0|0|0]
279,STUN BATON - VP-67EB,20090000,94000,6240,0,[0|0],1,0,[0|0|0|0|0|0|0|0|0|0|0|0]
280,CHAINSAW - WB-0010 DOUBLE TROUBLE,20060000,69000,0,0,[0|0],1,0,[0|0|0|0|0|0|0|0|0|0|0|0]
281,PLASMA THROWER - 44-143 HMMR,20070000,172000,0,0,[0|0],1,6,[0|0|0|0|0|0|0|0|0|0|0|0]
282,GENERATOR - NUCLEAR 1,65010101,10,1000,6,[0|0],1,0,[0|0|0|0|0|0|0|0|0|0|0|0]
283,GENERATOR - NUCLEAR 2,65010102,10,1000,6,[0|0],1,0,[0|0|0|0|0|0|0|0|0|0|0|0]
284,GRENADE CANNON - EARSHOT (Right),30210000,303000,6260,0,[0|0],1,0,[0|0|0|0|0|0|0|0|0|0|0|0]
285,GRENADE CANNON - EARSHOT (Left),35210000,303000,6260,0,[0|0],1,0,[0|0|0|0|0|0|0|0|0|0|0|0]
286,SPREAD BAZOOKA - SB-033M MORLEY (Right),30200000,255000,6250,0,[0|0],1,0,[0|0|0|0|0|0|0|0|0|0|0|0]
287,SPREAD BAZOOKA - SB-033M MORLEY (Left),35200000,255000,6250,0,[0|0],1,0,[0|0|0|0|0|0|0|0|0|0|0|0]
288,PLASMA MISSILE LAUNCHER - Vvc-703PM (Right),30000000,202000,6230,0,[0|0],1,0,[0|0|0|0|0|0|0|0|0|0|0|0]
289,PLASMA MISSILE LAUNCHER - Vvc-703PM (Left),35000000,202000,6230,0,[0|0],1,0,[0|0|0|0|0|0|0|0|0|0|0|0]
290,PLASMA MISSILE LAUNCHER - Vvc-706PM (Right),30000200,310000,6250,0,[0|0],1,0,[0|0|0|0|0|0|0|0|0|0|0|0]
291,PLASMA MISSILE LAUNCHER - Vvc-706PM (Left),35000200,310000,6250,0,[0|0],1,0,[0|0|0|0|0|0|0|0|0|0|0|0]
292,PLASMA MISSILE LAUNCHER - Vvc-70VPM (Right),30000100,96000,6210,0,[0|0],1,0,[0|0|0|0|0|0|0|0|0|0|0|0]
293,PLASMA MISSILE LAUNCHER - Vvc-70VPM (Left),35000100,96000,6210,0,[0|0],1,0,[0|0|0|0|0|0|0|0|0|0|0|0]
294,ACTIVE HOMING MISSILE LAUNCHER - BML-G3/P05ACT-02 (Right),30010000,145000,6250,0,[0|0],1,0,[0|0|0|0|0|0|0|0|0|0|0|0]
295,ACTIVE HOMING MISSILE LAUNCHER - BML-G3/P05ACT-02 (Left),35010000,145000,6250,0,[0|0],1,0,[0|0|0|0|0|0|0|0|0|0|0|0]
296,ACTIVE HOMING MISSILE LAUNCHER - BML-G3/P04ACT-01 (Right),30010100,98000,6220,0,[0|0],1,0,[0|0|0|0|0|0|0|0|0|0|0|0]
297,ACTIVE HOMING MISSILE LAUNCHER - BML-G3/P04ACT-01 (Left),35010100,98000,6220,0,[0|0],1,0,[0|0|0|0|0|0|0|0|0|0|0|0]
298,CORAL MISSILE LAUNCHER - IB-C03W3: NGI 006 (Right),30030000,490000,6461,0,[0|0],1,0,[0|0|0|0|0|0|0|0|0|0|0|0]
299,CORAL MISSILE LAUNCHER - IB-C03W3: NGI 006 (Left),35030000,490000,6461,0,[0|0],1,0,[0|0|0|0|0|0|0|0|0|0|0|0]
300,VERTICAL MISSILE LAUNCHER - BML-G1/P07VTC-12 (Right),30040000,188000,6260,0,[0|0],1,0,[0|0|0|0|0|0|0|0|0|0|0|0]
301,VERTICAL MISSILE LAUNCHER - BML-G1/P07VTC-12 (Left),35040000,188000,6260,0,[0|0],1,0,[0|0|0|0|0|0|0|0|0|0|0|0]
302,VERTICAL MISSILE LAUNCHER - BML-G1/P03VTC-08 (Right),30040100,112000,6210,0,[0|0],1,0,[0|0|0|0|0|0|0|0|0|0|0|0]
303,VERTICAL MISSILE LAUNCHER - BML-G1/P03VTC-08 (Left),35040100,112000,6210,0,[0|0],1,0,[0|0|0|0|0|0|0|0|0|0|0|0]
304,VERTICAL MISSILE LAUNCHER - BML-G1/P01VTC-04 (Right),30040200,85000,6436,0,[0|0],1,0,[0|0|0|0|0|0|0|0|0|0|0|0]
305,VERTICAL MISSILE LAUNCHER - BML-G1/P01VTC-04 (Left),35040200,85000,6436,0,[0|0],1,0,[0|0|0|0|0|0|0|0|0|0|0|0]
306,DETONATING MISSILE LAUNCHER - 45-091 JVLN BETA (Right),30050000,210000,6404,0,[0|0],1,4,[0|0|0|0|0|0|0|0|0|0|0|0]
307,DETONATING MISSILE LAUNCHER - 45-091 JVLN BETA (Left),35050000,210000,6404,0,[0|0],1,0,[0|0|0|0|0|0|0|0|0|0|0|0]
308,GENERATOR - NUCLEAR 3,65010103,10,1000,6,[0|0],1,0,[0|0|0|0|0|0|0|0|0|0|0|0]
309,LINEAR RIFLE - LR-038 FABRICIOUS (Right),10000300,10,1000,0,[0|0],1,0,[0|0|0|0|0|0|0|0|0|0|0|0]
310,SCATTER MISSILE LAUNCHER - WS-5001 SOUP (Right),30070000,326000,6275,0,[0|0],1,0,[0|0|0|0|0|0|0|0|0|0|0|0]
311,SCATTER MISSILE LAUNCHER - WS-5001 SOUP (Left),35070000,326000,6275,0,[0|0],1,0,[0|0|0|0|0|0|0|0|0|0|0|0]
312,MISSILE LAUNCHER - BML-G2/P03MLT-06 (Right),30020000,111000,6250,0,[0|0],1,0,[0|0|0|0|0|0|0|0|0|0|0|0]
313,MISSILE LAUNCHER - BML-G2/P03MLT-06 (Left),35020000,111000,6250,0,[0|0],1,0,[0|0|0|0|0|0|0|0|0|0|0|0]
314,MISSILE LAUNCHER - BML-G1/P20MLT-04 (Right),30020100,0,1000,0,[0|0],1,0,[0|0|0|0|0|0|0|0|0|0|0|0]
315,MISSILE LAUNCHER - BML-G1/P20MLT-04 (Left),35020100,74000,6200,0,[0|0],1,0,[0|0|0|0|0|0|0|0|0|0|0|0]
316,MISSILE LAUNCHER - BML-G2/P05MLT-10 (Right),30020200,165000,6230,0,[0|0],1,0,[0|0|0|0|0|0|0|0|0|0|0|0]
317,MISSILE LAUNCHER - BML-G2/P05MLT-10 (Left),35020200,165000,6230,0,[0|0],1,0,[0|0|0|0|0|0|0|0|0|0|0|0]
318,DUAL MISSILE LAUNCHER - BML-G1/P32DUO-03 (Right),30080000,180000,6240,0,[0|0],1,0,[0|0|0|0|0|0|0|0|0|0|0|0]
319,DUAL MISSILE LAUNCHER - BML-G1/P32DUO-03 (Left),35080000,180000,6240,0,[0|0],1,0,[0|0|0|0|0|0|0|0|0|0|0|0]
320,DUAL MISSILE LAUNCHER - BML-G2/P08DUO-03 (Right),30080100,228000,6260,0,[0|0],1,0,[0|0|0|0|0|0|0|0|0|0|0|0]
321,DUAL MISSILE LAUNCHER - BML-G2/P08DUO-03 (Left),35080100,228000,6260,0,[0|0],1,0,[0|0|0|0|0|0|0|0|0|0|0|0]
322,SPLIT MISSILE LAUNCHER - BML-G2/P17SPL-16 (Right),30090200,160000,6250,0,[0|0],1,0,[0|0|0|0|0|0|0|0|0|0|0|0]
323,SPLIT MISSILE LAUNCHER - BML-G2/P17SPL-16 (Left),35090200,160000,6250,0,[0|0],1,0,[0|0|0|0|0|0|0|0|0|0|0|0]
324,DUAL MISSILE LAUNCHER - BML-G1/P31DUO-02 (Right),30080200,144000,6200,0,[0|0],1,0,[0|0|0|0|0|0|0|0|0|0|0|0]
325,DUAL MISSILE LAUNCHER - BML-G1/P31DUO-02 (Left),35080200,144000,6200,0,[0|0],1,0,[0|0|0|0|0|0|0|0|0|0|0|0]
326,SPLIT MISSILE LAUNCHER - BML-G2/P19SPL-12 (Right),30090000,123000,6260,0,[0|0],1,0,[0|0|0|0|0|0|0|0|0|0|0|0]
327,SPLIT MISSILE LAUNCHER - BML-G2/P19SPL-12 (Left),35090000,123000,6260,0,[0|0],1,0,[0|0|0|0|0|0|0|0|0|0|0|0]
328,SPLIT MISSILE LAUNCHER - BML-G2/P16SPL-08 (Right),30090100,85000,6230,0,[0|0],1,0,[0|0|0|0|0|0|0|0|0|0|0|0]
329,SPLIT MISSILE LAUNCHER - BML-G2/P16SPL-08 (Left),35090100,85000,6230,0,[0|0],1,0,[0|0|0|0|0|0|0|0|0|0|0|0]
330,CONTAINER MISSILE LAUNCHER - BML-G1/P29CNT (Right),30120000,250000,6260,0,[0|0],1,0,[0|0|0|0|0|0|0|0|0|0|0|0]
331,CONTAINER MISSILE LAUNCHER - BML-G1/P29CNT (Left),35120000,250000,6260,0,[0|0],1,0,[0|0|0|0|0|0|0|0|0|0|0|0]
332,NEEDLE MISSILE LAUNCHER - EL-PW-01 TRUENO (Right),30110000,271000,6449,0,[0|0],1,32,[0|0|0|0|0|0|0|0|0|0|0|0]
333,NEEDLE MISSILE LAUNCHER - EL-PW-01 TRUENO (Left),35110000,271000,6449,0,[0|0],1,0,[0|0|0|0|0|0|0|0|0|0|0|0]
334,CLUSTER MISSILE LAUNCHER - WR-0999 DELIVERY BOY (Right),30130000,298000,6275,0,[0|0],1,0,[0|0|0|0|0|0|0|0|0|0|0|0]
335,CLUSTER MISSILE LAUNCHER - WR-0999 DELIVERY BOY (Left),35130000,298000,6275,0,[0|0],1,0,[0|0|0|0|0|0|0|0|0|0|0|0]
336,LIGHT WAVE CANNON - IA-C01W3: AURORA (Right),30350100,340000,6462,0,[0|0],1,0,[0|0|0|0|0|0|0|0|0|0|0|0]
337,LIGHT WAVE CANNON - IA-C01W3: AURORA (Left),35350100,340000,6462,0,[0|0],1,0,[0|0|0|0|0|0|0|0|0|0|0|0]
338,GRENADE CANNON - SONGBIRDS (Right),30100000,182000,6230,0,[0|0],1,0,[0|0|0|0|0|0|0|0|0|0|0|0]
339,GRENADE CANNON - SONGBIRDS (Left),35100000,182000,6230,0,[0|0],1,0,[0|0|0|0|0|0|0|0|0|0|0|0]
340,PLASMA CANNON - FASAN/60E (Right),30230000,217000,6260,0,[0|0],1,0,[0|0|0|0|0|0|0|0|0|0|0|0]
341,PLASMA CANNON - FASAN/60E (Left),35230000,217000,6260,0,[0|0],1,0,[0|0|0|0|0|0|0|0|0|0|0|0]
342,LASER CANNON - VP-60LCS (Right),30250000,147000,6210,0,[0|0],1,0,[0|0|0|0|0|0|0|0|0|0|0|0]
343,LASER CANNON - VP-60LCS (Left),35250000,147000,6210,0,[0|0],1,0,[0|0|0|0|0|0|0|0|0|0|0|0]
344,LASER CANNON - VE-60LCB (Right),30250100,318000,6260,0,[0|0],0,0,[0|0|0|0|0|0|0|0|0|0|0|0]
345,LASER CANNON - VE-60LCB (Left),35250100,318000,6260,0,[0|0],0,0,[0|0|0|0|0|0|0|0|0|0|0|0]
346,LASER CANNON - VE-60LCA (Right),30220000,333000,6280,0,[0|0],1,0,[0|0|0|0|0|0|0|0|0|0|0|0]
347,LASER CANNON - VE-60LCA (Left),35220000,333000,6280,0,[0|0],1,0,[0|0|0|0|0|0|0|0|0|0|0|0]
348,PULSE CANNON - KRANICH/60Z (Right),30240000,177000,6280,0,[0|0],1,0,[0|0|0|0|0|0|0|0|0|0|0|0]
349,PULSE CANNON - KRANICH/60Z (Left),35240000,177000,6280,0,[0|0],1,0,[0|0|0|0|0|0|0|0|0|0|0|0]
350,DIFFUSE LASER CANNON - VP-60LCD (Right),30260000,215000,6250,0,[0|0],1,0,[0|0|0|0|0|0|0|0|0|0|0|0]
351,DIFFUSE LASER CANNON - VP-60LCD (Left),35260000,215000,6250,0,[0|0],1,0,[0|0|0|0|0|0|0|0|0|0|0|0]
352,GATLING CANNON - DF-GA-09 SHAO-WEI (Right),30400000,220000,6245,0,[0|0],0,0,[0|0|0|0|0|0|0|0|0|0|0|0]
353,GATLING CANNON - DF-GA-09 SHAO-WEI (Left),35400000,220000,6245,0,[0|0],0,0,[0|0|0|0|0|0|0|0|0|0|0|0]
354,LINEAR RIFLE - LR-038 FABRICIOUS (Left),15000300,10,1000,0,[0|0],1,0,[0|0|0|0|0|0|0|0|0|0|0|0]
355,PULSE SHOTGUN - HI-17: GU-S4 (Left),15132000,10,1000,0,[0|0],1,0,[0|0|0|0|0|0|0|0|0|0|0|0]
356,PULSE SHOTGUN - HI-17: GU-S4 (Right),10132000,10,1000,0,[0|0],1,0,[0|0|0|0|0|0|0|0|0|0|0|0]
357,SINGLE MISSILE LAUNCHER - WM-6000 HORNET (Right),10070400,10,1000,0,[0|0],1,0,[0|0|0|0|0|0|0|0|0|0|0|0]
358,SINGLE MISSILE LAUNCHER - WM-6000 HORNET (Left),15070400,10,1000,0,[0|0],1,0,[0|0|0|0|0|0|0|0|0|0|0|0]
359,BURST GATLING GUN - MA-G-102 MADO (Right),10031000,10,1000,0,[0|0],1,0,[0|0|0|0|0|0|0|0|0|0|0|0]
360,BURST GATLING GUN - MA-G-102 MADO (Left),15031000,10,1000,0,[0|0],1,0,[0|0|0|0|0|0|0|0|0|0|0|0]
361,BULLET ORBIT - BO-044 HUXLEY (Right),30300000,305000,6280,0,[0|0],1,0,[0|0|0|0|0|0|0|0|0|0|0|0]
362,BULLET ORBIT - BO-044 HUXLEY (Left),35300000,305000,6280,0,[0|0],1,0,[0|0|0|0|0|0|0|0|0|0|0|0]
363,LASER ORBIT - 45-091 ORBT (Right),30300100,280000,6408,0,[0|0],1,8,[0|0|0|0|0|0|0|0|0|0|0|0]
364,LASER ORBIT - 45-091 ORBT (Left),35300100,280000,6408,0,[0|0],1,0,[0|0|0|0|0|0|0|0|0|0|0|0]
365,LASER DRONE - Vvc-700LD (Right),30140100,247000,6447,0,[0|0],1,0,[0|0|0|0|0|0|0|0|0|0|0|0]
366,LASER DRONE - Vvc-700LD (Left),35140100,247000,6447,0,[0|0],1,30,[0|0|0|0|0|0|0|0|0|0|0|0]
367,LASER TURRET - VP-60LT (Right),30150100,194000,6250,0,[0|0],1,0,[0|0|0|0|0|0|0|0|0|0|0|0]
368,LASER TURRET - VP-60LT (Left),35150100,194000,6250,0,[0|0],1,0,[0|0|0|0|0|0|0|0|0|0|0|0]
369,PULSE SHIELD LAUNCHER - EULE/60D (Right),30310000,243000,6250,0,[0|0],1,0,[0|0|0|0|0|0|0|0|0|0|0|0]
370,PULSE SHIELD LAUNCHER - EULE/60D (Left),35310000,243000,6250,0,[0|0],1,0,[0|0|0|0|0|0|0|0|0|0|0|0]
371,STUN NEEDLE LAUNCHER - VE-60SNA (Right),30270000,283000,6250,0,[0|0],1,0,[0|0|0|0|0|0|0|0|0|0|0|0]
372,STUN NEEDLE LAUNCHER - VE-60SNA (Left),35270000,283000,6250,0,[0|0],1,0,[0|0|0|0|0|0|0|0|0|0|0|0]
373,BURST SHOTGUN - MA-G-103 TAMURA (Left),15050300,10,1000,0,[0|0],1,0,[0|0|0|0|0|0|0|0|0|0|0|0]
374,BURST SHOTGUN - MA-G-103 TAMURA (Right),10050300,10,1000,0,[0|0],1,0,[0|0|0|0|0|0|0|0|0|0|0|0]
375,PULSE BUCKLER - VP-61PB,25000000,76000,6230,0,[0|0],1,0,[0|0|0|0|0|0|0|0|0|0|0|0]
376,PULSE SHIELD - SI-24: SU-Q5,25000100,43000,6200,0,[0|0],1,0,[0|0|0|0|0|0|0|0|0|0|0|0]
377,PLASMA SHOTGUN - Vvc-710PS (Left),15120200,10,1000,0,[0|0],1,0,[0|0|0|0|0|0|0|0|0|0|0|0]
378,PULSE SHIELD - VP-61PS,25010000,123000,6230,0,[0|0],1,0,[0|0|0|0|0|0|0|0|0|0|0|0]
379,PULSE SHIELD - SI-27: SU-R8,25010100,100000,6240,0,[0|0],1,0,[0|0|0|0|0|0|0|0|0|0|0|0]
380,PULSE BUCKLER - SI-29: SU-TT/C,25010200,62000,6220,0,[0|0],1,0,[0|0|0|0|0|0|0|0|0|0|0|0]
381,CORAL SHIELD - IB-C03W4: NGI 028,25010300,345000,0,0,[0|0],1,0,[0|0|0|0|0|0|0|0|0|0|0|0]
382,PULSE SCUTUM - VE-61PSA,25020000,197000,6280,0,[0|0],1,0,[0|0|0|0|0|0|0|0|0|0|0|0]
383,PLASMA SHOTGUN - Vvc-710PS (Right),10120200,10,1000,0,[0|0],1,0,[0|0|0|0|0|0|0|0|0|0|0|0]
384,GRENADE SHOTGUN - DF-GR-10 BAO-ZHA (Right),10060200,10,1000,0,[0|0],1,0,[0|0|0|0|0|0|0|0|0|0|0|0]
385,GRENADE SHOTGUN - DF-GR-10 BAO-ZHA (Left),15060200,10,1000,0,[0|0],1,0,[0|0|0|0|0|0|0|0|0|0|0|0]
386,LIGHT WAVE RIFLE - IA-C01A1: LUNAR (Right),10010300,10,1000,0,[0|0],1,0,[0|0|0|0|0|0|0|0|0|0|0|0]
387,LIGHT WAVE RIFLE - IA-C01A1: LUNAR (Left),15010300,10,1000,0,[0|0],1,0,[0|0|0|0|0|0|0|0|0|0|0|0]
388,FLARE THROWER - DF-FT-11 FEN-SAN-SHUYI,20200000,10,1000,0,[0|0],1,0,[0|0|0|0|0|0|0|0|0|0|0|0]
389,MISSILE LAUNCHER - BML-G1/P20MLT-04 (Right),30020300,10,1000,0,[0|0],1,0,[0|0|0|0|0|0|0|0|0|0|0|0]
390,MISSILE LAUNCHER - BML-G1/P20MLT-04 (Left),35020300,10,1000,0,[0|0],1,0,[0|0|0|0|0|0|0|0|0|0|0|0]
391,VERTICAL CLUSTER BOMB - BML-G3/P44VCB (Right),30040300,10,1000,0,[0|0],1,0,[0|0|0|0|0|0|0|0|0|0|0|0]
392,VERTICAL CLUSTER BOMB - BML-G3/P44VCB (Left),35040300,10,1000,0,[0|0],1,0,[0|0|0|0|0|0|0|0|0|0|0|0]
393,VERTICAL HELLFIRE MISSILES - BML-G3/P11VHF-12 (Left),35040400,10,1000,0,[0|0],1,0,[0|0|0|0|0|0|0|0|0|0|0|0]
394,VERTICAL HELLFIRE MISSILES - BML-G3/P11VHF-12 (Right),30040400,10,1000,0,[0|0],1,0,[0|0|0|0|0|0|0|0|0|0|0|0]
395,STUN MISSILE LAUNCHER - EL-PW-04 TORMENTA (Right),30150000,10,1000,0,[0|0],1,0,[0|0|0|0|0|0|0|0|0|0|0|0]
396,STUN MISSILE LAUNCHER - EL-PW-04 TORMENTA (Left),35150000,10,1000,0,[0|0],1,0,[0|0|0|0|0|0|0|0|0|0|0|0]
397,ROCKET TURRET - BT-699 FABRE (Right),30150200,10,1000,0,[0|0],1,0,[0|0|0|0|0|0|0|0|0|0|0|0]
398,ROCKET TURRET - BT-699 FABRE (Left),35150200,10,1000,0,[0|0],1,0,[0|0|0|0|0|0|0|0|0|0|0|0]
399,CORAL ORBIT - IB-C03A2: AYR 007 (Right),30300200,10,1000,0,[0|0],1,0,[0|0|0|0|0|0|0|0|0|0|0|0]
400,CORAL ORBIT - IB-C03A2: AYR 007 (Left),35300200,10,1000,0,[0|0],1,0,[0|0|0|0|0|0|0|0|0|0|0|0]
401,PULSE DEFENDER - SI-29: SU-J1,25010400,10,1000,0,[0|0],1,0,[0|0|0|0|0|0|0|0|0|0|0|0]
402,PULSE DEFENDER - VP-69PD,25030000,10,1000,0,[0|0],1,0,[0|0|0|0|0|0|0|0|0|0|0|0]
403,SIMPLE CANNON - DF-SC-00 FENG-HUANG (Right),30401000,10,1000,0,[0|0],0,0,[0|0|0|0|0|0|0|0|0|0|0|0]
404,SIMPLE CANNON - DF-SC-00 FENG-HUANG (Left),35401000,10,1000,0,[0|0],0,0,[0|0|0|0|0|0|0|0|0|0|0|0]
405,DRONE LAUNCHER - Vvc-710DL (Right),10080300,10,1000,0,[0|0],1,0,[0|0|0|0|0|0|0|0|0|0|0|0]
406,DRONE LAUNCHER - Vvc-710DL (Left),15080300,10,1000,0,[0|0],1,0,[0|0|0|0|0|0|0|0|0|0|0|0]
407,ARMS - BALTEUS,52030200,10,1000,1,[0|0],1,0,[0|0|0|0|0|0|0|0|0|0|0|0]
408,LEGS - Balteus,53030200,10,1000,1,[0|0],1,0,[0|0|0|0|0|0|0|0|0|0|0|0]
409,PULSE CANNON - HC PG,35240100,10,1000,0,[0|0],1,0,[0|0|0|0|0|0|0|0|0|0|0|0]
410,PULSE CANNON - HC PG,30240100,10,1000,0,[0|0],1,0,[0|0|0|0|0|0|0|0|0|0|0|0]
411,DISRUPTOR MACE - DX-20 DEUTERONOMY,20081000,10,1000,0,[0|0],1,0,[0|0|0|0|0|0|0|0|0|0|0|0]
412,LINEAR SNIPER RIFLE - LR-039 ADRIAN (Right),10010400,10,1000,0,[0|0],1,0,[0|0|0|0|0|0|0|0|0|0|0|0]
413,LINEAR SNIPER RIFLE - LR-039 ADRIAN (Left),15010400,10,1000,0,[0|0],1,0,[0|0|0|0|0|0|0|0|0|0|0|0]
414,LASER SNIPER RIFLE - VP-66SN (Right),10110400,10,1000,0,[0|0],1,0,[0|0|0|0|0|0|0|0|0|0|0|0]
415,LASER SNIPER RIFLE - VP-66SN (Left),15110400,10,1000,0,[0|0],1,0,[0|0|0|0|0|0|0|0|0|0|0|0]
416,LASER MACHINE GUN - VP-66LM (Right),10020400,10,1000,0,[0|0],1,0,[0|0|0|0|0|0|0|0|0|0|0|0]
417,LASER MACHINE GUN - VP-66LM (Left),15020400,10,1000,0,[0|0],1,0,[0|0|0|0|0|0|0|0|0|0|0|0]
418,DOUBLE ASSAULT RIFLE - RF-028D SPENCER (Right),10010500,10,1000,0,[0|0],1,0,[0|0|0|0|0|0|0|0|0|0|0|0]
419,DOUBLE ASSAULT RIFLE - RF-028D SPENCER (Left),15010500,10,1000,0,[0|0],1,0,[0|0|0|0|0|0|0|0|0|0|0|0]
420,NUCLEAR MISSILE LAUNCHER - TX-99 PSALM "TEMPEST" (Right),30010200,10,1000,0,[0|0],1,0,[0|0|0|0|0|0|0|0|0|0|0|0]
421,STANCE GUN - GX-61 REVELATION (Left),15032000,10,1000,0,[0|0],1,0,[0|0|0|0|0|0|0|0|0|0|0|0]
422,NUCLEAR MISSILE LAUNCHER - TX-99 PSALM "TEMPEST" (Left),35010200,10,1000,0,[0|0],1,0,[0|0|0|0|0|0|0|0|0|0|0|0]
423,HEAD - NIGHTMARE,50080400,10,1000,1,[0|0],1,0,[0|0|0|0|0|0|0|0|0|0|0|0]
424,HEAD - DRAGON,50080500,10,1000,1,[0|0],1,0,[0|0|0|0|0|0|0|0|0|0|0|0]
425,ARMS - DRAGON,52080500,10,1000,1,[0|0],0,0,[0|0|0|0|0|0|0|0|0|0|0|0]
426,Core - Backpack,51052400,10,1000,1,[0|0],1,0,[0|0|0|0|0|0|0|0|0|0|0|0]
427,ARMS - NIGHTMARE,52080600,10,1000,1,[0|0],0,0,[0|0|0|0|0|0|0|0|0|0|0|0]
428,LEGS - NIGHTMARE,53080300,10,1000,1,[0|0],1,0,[0|0|0|0|0|0|0|0|0|0|0|0]
429,HEAD - TIAMAT,50080600,10,1000,1,[0|0],1,0,[0|0|0|0|0|0|0|0|0|0|0|0]
430,Core - Lanista,51052500,10,1000,1,[0|0],1,0,[0|0|0|0|0|0|0|0|0|0|0|0]
431,HEAD - Lanista,50080700,10,1000,1,[0|0],1,0,[0|0|0|0|0|0|0|0|0|0|0|0]
433,ARMS - LANISTA,52080700,10,1000,1,[0|0],0,0,[0|0|0|0|0|0|0|0|0|0|0|0]
434,LEGS - LANISTA,53080400,10,1000,1,[0|0],1,0,[0|0|0|0|0|0|0|0|0|0|0|0]
435,LINEAR CANNON - LC-040 LINNAEUS (Right),30250200,10,1000,0,[0|0],1,0,[0|0|0|0|0|0|0|0|0|0|0|0]
436,LINEAR CANNON - LC-040 LINNAEUS (Left),35250200,10,1000,0,[0|0],1,0,[0|0|0|0|0|0|0|0|0|0|0|0]
437,CONCENTRATED PLASMA RIFLE - Vvc-780CR (Right),10150400,10,1000,0,[0|0],1,0,[0|0|0|0|0|0|0|0|0|0|0|0]
438,CONCENTRATED PLASMA RIFLE - Vvc-780CR (Left),15150400,10,1000,0,[0|0],1,0,[0|0|0|0|0|0|0|0|0|0|0|0]
439,PULSE BOMB LAUNCHER - HI-25: GU-B7 (Right),10080400,10,1000,0,[0|0],1,0,[0|0|0|0|0|0|0|0|0|0|0|0]
440,PULSE BOMB LAUNCHER - HI-25: GU-B7 (Left),15080400,10,1000,0,[0|0],1,0,[0|0|0|0|0|0|0|0|0|0|0|0]
441,HANDGUN - HG-005 ARNETT (Right),10070500,10,1000,0,[0|0],1,0,[0|0|0|0|0|0|0|0|0|0|0|0]
442,HANDGUN - HG-005 ARNETT (Left),15070500,10,1000,0,[0|0],1,0,[0|0|0|0|0|0|0|0|0|0|0|0]
443,KINETIC CANNON - CX-09 PROVERB (Right),30250300,10,1000,0,[0|0],0,0,[0|0|0|0|0|0|0|0|0|0|0|0]
444,KINETIC CANNON - CX-09 PROVERB (Left),35250300,10,1000,0,[0|0],0,0,[0|0|0|0|0|0|0|0|0|0|0|0]
445,GENERATOR - DYSON 1,65010201,10,1000,6,[0|0],1,0,[0|0|0|0|0|0|0|0|0|0|0|0]
446,GENERATOR - DYSON 2,65010202,10,1000,6,[0|0],1,0,[0|0|0|0|0|0|0|0|0|0|0|0]
447,GENERATOR - DYSON 3,65010203,10,1000,6,[0|0],1,0,[0|0|0|0|0|0|0|0|0|0|0|0]
448,GENERATOR - PLASMA 1,65020001,10,1000,6,[0|0],1,0,[0|0|0|0|0|0|0|0|0|0|0|0]
449,GENERATOR - PLASMA 2,65020002,10,1000,6,[0|0],1,0,[0|0|0|0|0|0|0|0|0|0|0|0]
450,GENERATOR - PLASMA 3,65020003,10,1000,6,[0|0],1,0,[0|0|0|0|0|0|0|0|0|0|0|0]
453,ARMS - Poorly Disgued Scalie,52888800,10,1000,1,[0|0],1,0,[0|0|0|0|0|0|0|0|0|0|0|0]
454,CORE - Poorly Disgued Scalie,51888800,10,1000,1,[0|0],1,0,[0|0|0|0|0|0|0|0|0|0|0|0]
455,HEAD - Poorly Disguesed Scalie,50888800,10,1000,1,[0|0],1,0,[0|0|0|0|0|0|0|0|0|0|0|0]
456,LEGS - Poorly Disguesed Scalie,53888800,10,1000,1,[0|0],1,0,[0|0|0|0|0|0|0|0|0|0|0|0]
457,CORE - IANITOR,51052600,10,1000,1,[0|0],1,0,[0|0|0|0|0|0|0|0|0|0|0|0]
458,CORE - TAKIGAWA,51052700,10,1000,1,[0|0],1,0,[0|0|0|0|0|0|0|0|0|0|0|0]
459,CORE - IANITOR Legs,53080800,10,1000,1,[0|0],1,0,[0|0|0|0|0|0|0|0|0|0|0|0]
460,CORE - IANITOR Legs Variant,53340800,10,1000,1,[0|0],1,0,[0|0|0|0|0|0|0|0|0|0|0|0]
461,HEAD - IANITOR,50081400,10,1000,1,[0|0],1,0,[0|0|0|0|0|0|0|0|0|0|0|0]
462,Legs - ARMY1,53080500,10,1000,1,[0|0],1,0,[0|0|0|0|0|0|0|0|0|0|0|0]
463,MACHINE GUN - MX-12 NUMBER (Right),10000400,10,1000,0,[0|0],1,0,[0|0|0|0|0|0|0|0|0|0|0|0]
464,MACHINE GUN - MX-12 NUMBER (Left),15000400,10,1000,0,[0|0],1,0,[0|0|0|0|0|0|0|0|0|0|0|0]
465,GATLING GUN - DF-SC-01 HAI-DAN (Right),10030100,10,1000,0,[0|0],1,0,[0|0|0|0|0|0|0|0|0|0|0|0]
466,GATLING GUN - DF-SC-01 HAI-DAN (Left),15030100,10,1000,0,[0|0],1,0,[0|0|0|0|0|0|0|0|0|0|0|0]
467,HEAD - Avispa,50888900,10,1000,1,[0|0],1,0,[0|0|0|0|0|0|0|0|0|0|0|0]
468,CORE - Avispa,51052800,10,1000,1,[0|0],1,0,[0|0|0|0|0|0|0|0|0|0|0|0]
469,ARMS - Avispa,52081000,10,1000,1,[0|0],1,0,[0|0|0|0|0|0|0|0|0|0|0|0]
470,LEGS - Avispa,53150200,10,1000,1,[0|0],1,0,[0|0|0|0|0|0|0|0|0|0|0|0]
471,CORE - ISAIAH,51053300,10,1000,1,[0|0],1,0,[0|0|0|0|0|0|0|0|0|0|0|0]
472,HEAD - ISAIAH,50889000,10,1000,1,[0|0],1,0,[0|0|0|0|0|0|0|0|0|0|0|0]
473,ARMS - ISAIAH,52081100,10,1000,1,[0|0],1,0,[0|0|0|0|0|0|0|0|0|0|0|0]
474,BOOSTER - ARMY Booster,60070500,10,1000,4,[0|0],1,0,[0|0|0|0|0|0|0|0|0|0|0|0]
475,FCS - IX08,70020200,10,1000,5,[0|0],1,0,[0|0|0|0|0|0|0|0|0|0|0|0]
476,FCS - IX09,70020300,10,1000,5,[0|0],1,0,[0|0|0|0|0|0|0|0|0|0|0|0]
477,HEAD - BARNABAS,50889100,10,1000,1,[0|0],1,0,[0|0|0|0|0|0|0|0|0|0|0|0]
478,CORE - BARNABAS,51053400,10,1000,1,[0|0],1,0,[0|0|0|0|0|0|0|0|0|0|0|0]
479,ARMS - BARNABAS,52081200,10,1000,1,[0|0],1,0,[0|0|0|0|0|0|0|0|0|0|0|0]
480,LEGS - BARNABAS,53080600,10,1000,1,[0|0],1,0,[0|0|0|0|0|0|0|0|0|0|0|0]
481,INCENDIARY RIFLE - CRAZ-E-B-09-SL "SIMPLEPUNK" (Right),10000500,10,1000,0,[0|0],1,0,[0|0|0|0|0|0|0|0|0|0|0|0]
482,INCENDIARY RIFLE - CRAZ-E-B-09-SL "SIMPLEPUNK" (Left),15000500,10,1000,0,[0|0],1,0,[0|0|0|0|0|0|0|0|0|0|0|0]
483,NAPALM GRENADE LAUNCHER - CRAZ-B-0-00-OM "BOOMERPUNK" (Right),10060300,10,1000,0,[0|0],1,0,[0|0|0|0|0|0|0|0|0|0|0|0]
484,NAPALM GRENADE LAUNCHER - CRAZ-B-0-00-OM "BOOMERPUNK" (Left),15060300,10,1000,0,[0|0],1,0,[0|0|0|0|0|0|0|0|0|0|0|0]
485,FLAME TURRET - CRAZ-E-T-04-RT "MANYPUNK" (Right),30150300,10,1000,0,[0|0],1,0,[0|0|0|0|0|0|0|0|0|0|0|0]
486,FLAME TURRET - CRAZ-E-T-04-RT "MANYPUNK" (Left),35150300,10,1000,0,[0|0],1,0,[0|0|0|0|0|0|0|0|0|0|0|0]
487,BALLISTIC MISSILE LAUNCHER - MX-47 CHRONICLE (Right),30020400,10,1000,0,[0|0],1,0,[0|0|0|0|0|0|0|0|0|0|0|0]
488,BALLISTIC MISSILE LAUNCHER - MX-47 CHRONICLE (Left),35020400,10,1000,0,[0|0],1,0,[0|0|0|0|0|0|0|0|0|0|0|0]
489,FLAME BLADE - CRAZ-E-B-09-SL "CUTTERPUNK",20011000,10,1000,0,[0|0],1,0,[0|0|0|0|0|0|0|0|0|0|0|0]
492,GENERATOR - PCA Gen Light,65040400,10,1000,6,[0|0],1,0,[0|0|0|0|0|0|0|0|0|0|0|0]
493,GENERATOR - PCA Gen Heavy,65040500,10,1000,6,[0|0],1,0,[0|0|0|0|0|0|0|0|0|0|0|0]
494,HANDGUN - DF-HG-040 BING-CHILING (Right),10070700,10,1000,0,[0|0],1,0,[0|0|0|0|0|0|0|0|0|0|0|0]
495,HANDGUN - DF-HG-040 BING-CHILING (Left),15070700,10,1000,0,[0|0],1,0,[0|0|0|0|0|0|0|0|0|0|0|0]
496,TESLA GUN - VX-650TG (Right),10070600,10,1000,0,[0|0],1,0,[0|0|0|0|0|0|0|0|0|0|0|0]
497,TESLA GUN - VX-650TG (Left),15070600,10,1000,0,[0|0],1,0,[0|0|0|0|0|0|0|0|0|0|0|0]
498,HEAD - ZWEIHANDER,50889200,10,1000,1,[0|0],1,0,[0|0|0|0|0|0|0|0|0|0|0|0]
499,HEAD - IMPERATOR,50889300,10,1000,1,[0|0],1,0,[0|0|0|0|0|0|0|0|0|0|0|0]
500,CORE - IMPERATOR,51053500,10,1000,1,[0|0],1,0,[0|0|0|0|0|0|0|0|0|0|0|0]
501,ARMS - IMPERATOR,52181000,10,1000,1,[0|0],1,0,[0|0|0|0|0|0|0|0|0|0|0|0]
502,LEGS - IMPERATOR,53280400,10,1000,1,[0|0],1,0,[0|0|0|0|0|0|0|0|0|0|0|0]
503,THE ZANESAW,20060100,10,1000,0,[0|0],1,0,[0|0|0|0|0|0|0|0|0|0|0|0]
504,CORAL HANDGUN - IB-C03W6: CLA 020 (Right),10110800,10,1000,0,[0|0],1,0,[0|0|0|0|0|0|0|0|0|0|0|0]
505,CORAL HANDGUN - IB-C03W6: CLA 020 (Left),15110800,10,1000,0,[0|0],1,0,[0|0|0|0|0|0|0|0|0|0|0|0]
506,CORAL CANNON - IB-C03W7: CLA 900 (Right),30250400,10,1000,0,[0|0],1,0,[0|0|0|0|0|0|0|0|0|0|0|0]
507,CORAL CANNON - IB-C03W7: CLA 900 (Left),35250400,10,1000,0,[0|0],1,0,[0|0|0|0|0|0|0|0|0|0|0|0]
508,PLASMA CANNON - C-MOD_6 ARCUS (Right),30230100,10,1000,0,[0|0],1,0,[0|0|0|0|0|0|0|0|0|0|0|0]
509,HEAVY LASER RIFLE - VP-66LRH (Right),10040400,10,1000,0,[0|0],1,0,[0|0|0|0|0|0|0|0|0|0|0|0]
510,HEAVY LASER RIFLE - VP-66LRH (Left),15040400,10,1000,0,[0|0],1,0,[0|0|0|0|0|0|0|0|0|0|0|0]
511,FAST LASER CANNON - VP-60LCF (Right),30240200,10,1000,0,[0|0],1,0,[0|0|0|0|0|0|0|0|0|0|0|0]
512,FAST LASER CANNON - VP-60LCF (Left),35240200,10,1000,0,[0|0],1,0,[0|0|0|0|0|0|0|0|0|0|0|0]
513,HEAVY PLASMA RIFLE - R-MOD_13 TURRIS (Right),10120400,10,1000,0,[0|0],1,0,[0|0|0|0|0|0|0|0|0|0|0|0]
514,HEAVY PLASMA RIFLE - R-MOD_13 TURRIS (Left),15120400,10,1000,0,[0|0],1,0,[0|0|0|0|0|0|0|0|0|0|0|0]
515,PLASMA CANNON - C-MOD_6 ARCUS (Left),35230100,10,1000,0,[0|0],1,0,[0|0|0|0|0|0|0|0|0|0|0|0]
516,PLASMA MISSILE LAUNCHER - M-MOD_3 VESTIGIUM (Right),10090200,10,1000,0,[0|0],1,0,[0|0|0|0|0|0|0|0|0|0|0|0]
517,PLASMA MISSILE LAUNCHER - M-MOD_3 VESTIGIUM (Left),15090200,10,1000,0,[0|0],1,0,[0|0|0|0|0|0|0|0|0|0|0|0]
518,PLASMA RIFLE - R-MOD_9 SARISSA (Right),10150500,10,1000,0,[0|0],1,0,[0|0|0|0|0|0|0|0|0|0|0|0]
519,PLASMA RIFLE - R-MOD_9 SARISSA (Left),15150500,10,1000,0,[0|0],1,0,[0|0|0|0|0|0|0|0|0|0|0|0]
520,GATLING GUN - GX-68 LAMENTATION (Right),10030300,10,1000,0,[0|0],1,0,[0|0|0|0|0|0|0|0|0|0|0|0]
521,GATLING GUN - GX-68 LAMENTATION (Left),15030300,10,1000,0,[0|0],1,0,[0|0|0|0|0|0|0|0|0|0|0|0]
522,LEGS - ENFORCER,53080700,10,1000,1,[0|0],1,0,[0|0|0|0|0|0|0|0|0|0|0|0]
523,HEAD - ENFORCER,50889400,10,1000,1,[0|0],1,0,[0|0|0|0|0|0|0|0|0|0|0|0]
524,CORE - ENFORCER,51053600,10,1000,1,[0|0],1,0,[0|0|0|0|0|0|0|0|0|0|0|0]
525,ARMS - ENFORCER,52181100,10,1000,1,[0|0],1,0,[0|0|0|0|0|0|0|0|0|0|0|0]
526,LEGS - NOAH,53340100,10,1000,1,[0|0],1,0,[0|0|0|0|0|0|0|0|0|0|0|0]
527,HEAD - NOAH,50889500,10,1000,1,[0|0],1,0,[0|0|0|0|0|0|0|0|0|0|0|0]
528,CORE - NOAH,51053700,10,1000,1,[0|0],1,0,[0|0|0|0|0|0|0|0|0|0|0|0]
529,ARMS - NOAH,52181200,10,1000,1,[0|0],1,0,[0|0|0|0|0|0|0|0|0|0|0|0]
530,LEGS - PRAETOR,53080900,10,1000,1,[0|0],1,0,[0|0|0|0|0|0|0|0|0|0|0|0]
531,HEAD - PRAETOR,50889600,10,1000,1,[0|0],1,0,[0|0|0|0|0|0|0|0|0|0|0|0]
532,CORE - PRAETOR,51053800,10,1000,1,[0|0],1,0,[0|0|0|0|0|0|0|0|0|0|0|0]
533,ARMS - PRAETOR,52181300,10,1000,1,[0|0],1,0,[0|0|0|0|0|0|0|0|0|0|0|0]
534,DIFFUSION GATLING CANNON - GX-67 WISDOM (Right),30402000,10,1000,0,[0|0],0,0,[0|0|0|0|0|0|0|0|0|0|0|0]
535,DIFFUSION GATLING CANNON - GX-67 WISDOM (Left),35402000,10,1000,0,[0|0],0,0,[0|0|0|0|0|0|0|0|0|0|0|0]
536,HEAD - HR-1000,50070500,10,1000,1,[0|0],1,0,[0|0|0|0|0|0|0|0|0|0|0|0]
537,CORE - CR-1000,51070500,10,1000,1,[0|0],1,0,[0|0|0|0|0|0|0|0|0|0|0|0]
538,ARMS - AR-1000,52070500,10,1000,1,[0|0],1,0,[0|0|0|0|0|0|0|0|0|0|0|0]
539,LEGS - 2R-1000,53070500,10,1000,1,[0|0],1,0,[0|0|0|0|0|0|0|0|0|0|0|0]
540,HEAD - HR-1000/RC,50070700,10,1000,1,[0|0],1,0,[0|0|0|0|0|0|0|0|0|0|0|0]
541,CORE - CR-1000/RC,51070700,10,1000,1,[0|0],1,0,[0|0|0|0|0|0|0|0|0|0|0|0]
542,ARMS - AR-1000/RC,52070800,10,1000,1,[0|0],1,0,[0|0|0|0|0|0|0|0|0|0|0|0]
543,LEGS - 2R-1000/RC,53070700,10,1000,1,[0|0],1,0,[0|0|0|0|0|0|0|0|0|0|0|0]
544,LASER RIFLE - IB-C03W1: WLT 011/EN (Right),10110500,10,1000,0,[0|0],1,0,[0|0|0|0|0|0|0|0|0|0|0|0]
545,BOOSTER - ALULA/21E/RC,60021000,10,1000,4,[0|0],1,0,[0|0|0|0|0|0|0|0|0|0|0|0]
546,EXPANSION - PULSE RESTORATION,75080000,0,1000,0,[0|0],1,1,[0|0|0|0|0|0|0|0|0|0|0|0]
547,EXPANSION - SWARM ARMOR,75090000,0,1000,0,[0|0],1,1,[0|0|0|0|0|0|0|0|0|0|0|0]
548,EXPANSION - PLASMA ARMOR,75001000,0,1000,0,[0|0],1,1,[0|0|0|0|0|0|0|0|0|0|0|0]
549,HEAVY MACHINE GUN - MG-016 THOMSON (Right),10020500,10,1000,0,[0|0],0,0,[0|0|0|0|0|0|0|0|0|0|0|0]
550,HEAVY MACHINE GUN - MG-016 THOMSON (Left),15020500,10,1000,0,[0|0],0,0,[0|0|0|0|0|0|0|0|0|0|0|0]
555,PULSE MISSILE LAUNCHER - FISCHALDER/60F (Right),30013000,10,1000,0,[0|0],1,0,[0|0|0|0|0|0|0|0|0|0|0|0]
556,PULSE MISSILE LAUNCHER - FISCHALDER/60F (Left),35013000,10,1000,0,[0|0],1,0,[0|0|0|0|0|0|0|0|0|0|0|0]
557,LEGS - HYSTERIC,53074100,10,1000,1,[0|0],1,0,[0|0|0|0|0|0|0|0|0|0|0|0]
558,HEAD - HYSTERIC,50074100,10,1000,1,[0|0],1,0,[0|0|0|0|0|0|0|0|0|0|0|0]
559,CORE - HYSTERIC,51074100,10,1000,1,[0|0],1,0,[0|0|0|0|0|0|0|0|0|0|0|0]
560,ARMS - HYSTERIC,52074100,10,1000,1,[0|0],1,0,[0|0|0|0|0|0|0|0|0|0|0|0]
561,HEAD - Pirate Hat,50000500,10,1000,1,[0|0],1,0,[0|0|0|0|0|0|0|0|0|0|0|0]
562,HEAD - Ludicrous Gatling Head AWCAW,50074200,10,1000,1,[0|0],1,0,[0|0|0|0|0|0|0|0|0|0|0|0]
563,HEAD - Awesome Chinese Hat,50000600,10,1000,1,[0|0],1,0,[0|0|0|0|0|0|0|0|0|0|0|0]
564,CORE - Army Gun Core,51053900,10,1000,1,[0|0],1,0,[0|0|0|0|0|0|0|0|0|0|0|0]
565,HEAD - CAESAR,50054000,10,1000,1,[0|0],1,0,[0|0|0|0|0|0|0|0|0|0|0|0]
566,CORE - CAESAR,51054000,10,1000,1,[0|0],1,0,[0|0|0|0|0|0|0|0|0|0|0|0]
567,ARMS - CAESAR,52054000,10,1000,1,[0|0],1,0,[0|0|0|0|0|0|0|0|0|0|0|0]
568,LEGS - CAESAR,53054000,10,1000,1,[0|0],1,0,[0|0|0|0|0|0|0|0|0|0|0|0]
573,BOOSTER - AB-J-137 KIKAKU/RC,60900001,10,1000,4,[0|0],1,0,[0|0|0|0|0|0|0|0|0|0|0|0]
574,HEAD - Eisvogel Head,50020200,10,1000,1,[0|0],1,0,[0|0|0|0|0|0|0|0|0|0|0|0]
575,IB-C03F: WLT 001/RC,70030101,10,1000,5,[0|0],1,0,[0|0|0|0|0|0|0|0|0|0|0|0]
576,ARMS - Eisvogel Arm,52020100,10,1000,1,[0|0],1,0,[0|0|0|0|0|0|0|0|0|0|0|0]
577,CORE - Eisvogel Core,51020100,10,1000,1,[0|0],1,0,[0|0|0|0|0|0|0|0|0|0|0|0]
578,LEGS - Eisvogel Leg,53120100,10,1000,1,[0|0],1,0,[0|0|0|0|0|0|0|0|0|0|0|0]
579,HEAD - Luca's Head,50070800,10,1000,1,[0|0],1,0,[0|0|0|0|0|0|0|0|0|0|0|0]
580,HEAD - Sarah's Head,50000800,10,1000,1,[0|0],1,0,[0|0|0|0|0|0|0|0|0|0|0|0]
581,CORE - Sarah's Core,51000800,10,1000,1,[0|0],1,0,[0|0|0|0|0|0|0|0|0|0|0|0]
582,ARMS - Sarah's Arms,52000800,10,1000,1,[0|0],1,0,[0|0|0|0|0|0|0|0|0|0|0|0]
583,LEGS - Sarah's Legs,53000800,10,1000,1,[0|0],1,0,[0|0|0|0|0|0|0|0|0|0|0|0]
584,FCS - Elcano 1,70020400,10,1000,5,[0|0],1,0,[0|0|0|0|0|0|0|0|0|0|0|0]
585,Generator - Fourth BAWS generator,65040203,10,1000,6,[0|0],1,0,[0|0|0|0|0|0|0|0|0|0|0|0]
586,Booster - Asinus,60000006,10,1000,4,[0|0],1,0,[0|0|0|0|0|0|0|0|0|0|0|0]
587,FCS - Elcano 2,70020500,10,1000,5,[0|0],1,0,[0|0|0|0|0|0|0|0|0|0|0|0]
588,Weapon - Tar (Right),10080600,10,1000,0,[0|0],1,0,[0|0|0|0|0|0|0|0|0|0|0|0]
589,Weapon - Tar (Left),15080600,10,1000,0,[0|0],1,0,[0|0|0|0|0|0|0|0|0|0|0|0]
590,Weapon - VRITRA Nova Cannon (Right),30220200,10,1000,0,[0|0],1,0,[0|0|0|0|0|0|0|0|0|0|0|0]
591,Weapon - VRITRA Nova Cannon (Left),35220200,10,1000,0,[0|0],1,0,[0|0|0|0|0|0|0|0|0|0|0|0]
592,Generator - Nova Gen 1,65010207,10,1000,6,[0|0],1,0,[0|0|0|0|0|0|0|0|0|0|0|0]
593,Generator - Nova Gen 2,65010208,10,1000,6,[0|0],1,0,[0|0|0|0|0|0|0|0|0|0|0|0]
595,Generator - Mealworm Gen,65030101,10,1000,6,[0|0],1,0,[0|0|0|0|0|0|0|0|0|0|0|0]
596,HEAD - June's Head,50000900,10,1000,1,[0|0],1,0,[0|0|0|0|0|0|0|0|0|0|0|0]
597,Core - Nightmare Fixed,51050800,10,1000,1,[0|0],1,0,[0|0|0|0|0|0|0|0|0|0|0|0]
598,Arms - Nightmare Fixed,52081300,10,1000,1,[0|0],1,0,[0|0|0|0|0|0|0|0|0|0|0|0]
599,Legs - Nightmare Fixed,53081000,10,1000,1,[0|0],1,0,[0|0|0|0|0|0|0|0|0|0|0|0]
600,Core - Homestead,51050900,10,1000,1,[0|0],1,0,[0|0|0|0|0|0|0|0|0|0|0|0]
601,Head - Serenity,50020300,10,1000,1,[0|0],1,0,[0|0|0|0|0|0|0|0|0|0|0|0]
602,Core - Serenity,51020300,10,1000,1,[0|0],1,0,[0|0|0|0|0|0|0|0|0|0|0|0]
603,Arms - Serenity,52020300,10,1000,1,[0|0],1,0,[0|0|0|0|0|0|0|0|0|0|0|0]
604,Legs - Serenity,53020300,10,1000,1,[0|0],1,0,[0|0|0|0|0|0|0|0|0|0|0|0]
605,Head - PCA,50002500,10,1000,1,[0|0],1,0,[0|0|0|0|0|0|0|0|0|0|0|0]
606,Core - PCA,51002500,10,1000,1,[0|0],1,0,[0|0|0|0|0|0|0|0|0|0|0|0]
607,Arms - PCA,52002500,10,1000,1,[0|0],1,0,[0|0|0|0|0|0|0|0|0|0|0|0]
608,Legs - PCA,53002500,10,1000,1,[0|0],1,0,[0|0|0|0|0|0|0|0|0|0|0|0]
609,Head - FRAGILE,50082700,10,1000,1,[0|0],1,0,[0|0|0|0|0|0|0|0|0|0|0|0]
610,Core - FRAGILE,51082700,10,1000,1,[0|0],1,0,[0|0|0|0|0|0|0|0|0|0|0|0]
611,Arms - FRAGILE,52082700,10,1000,1,[0|0],1,0,[0|0|0|0|0|0|0|0|0|0|0|0]
612,Legs - FRAGILE,53082700,10,1000,1,[0|0],1,0,[0|0|0|0|0|0|0|0|0|0|0|0]
613,Head - DOMINUS,50080800,10,1000,1,[0|0],1,0,[0|0|0|0|0|0|0|0|0|0|0|0]
614,Core - DOMINUS,51052900,10,1000,1,[0|0],1,0,[0|0|0|0|0|0|0|0|0|0|0|0]
615,Arms - DOMINUS,52081400,10,1000,1,[0|0],1,0,[0|0|0|0|0|0|0|0|0|0|0|0]
616,Legs - DOMINUS,53081100,10,1000,1,[0|0],1,0,[0|0|0|0|0|0|0|0|0|0|0|0]
617,Head - GRANIZO,50060900,10,1000,1,[0|0],1,0,[0|0|0|0|0|0|0|0|0|0|0|0]
618,Core - GRANIZO,51060900,10,1000,1,[0|0],1,0,[0|0|0|0|0|0|0|0|0|0|0|0]
619,Arms - GRANIZO,52060900,10,1000,1,[0|0],1,0,[0|0|0|0|0|0|0|0|0|0|0|0]
620,Legs - GRANIZO,53060900,10,1000,1,[0|0],1,0,[0|0|0|0|0|0|0|0|0|0|0|0]
621,HYPERPULSE RIFLE - HI-11: GU-RR/F (Right),10010600,10,1000,0,[0|0],1,0,[0|0|0|0|0|0|0|0|0|0|0|0]
622,HYPERPULSE RIFLE - HI-11: GU-RR/F (Left),15010600,10,1000,0,[0|0],1,0,[0|0|0|0|0|0|0|0|0|0|0|0]
