ID,Name,disableParam_NT,disableParam_Product,disableParamReserve1,disableParamReserve2,iconId,modelId,sortId,weight,energyMax,energyRecoveryPerSec,consumeEN,energyRecoveryDelayTimeSec,f00_dashBoostMaxSpeedKMPH,f01_dashBoostStartAccelMPSS,f02_dashBoostMaxAccelMPSS,f03_dashBoostBeginAccelTimeSec,f04_dashBoostBeginToMaxAccelTimeSec,f05_consumeEN_boostMove,f06_flyBoostHorizontalMaxSpeedKMPH,f07_flyBoostHorizontalStartAccelMPSS,f08_flyBoostHorizontalMaxAccelMPSS,f09_flyBoostHorizontalBeginAccelTimeSec,f10_flyBoostHorizontalBeginToMaxAccelTimeSec,f11_consumeEN_boostMoveAir,consumeEN_BoostUp,consumeFixedEN_QB,QB_EndSpeedKMH,QB_AccelTimeF30,dashBoost_EndSpeedKMH,flyBoost_EndSpeedKMH,QB_StartAddSpeedKMH,flyBoostUpperAccelMPSS,flyBoostUpperMaxSpeedKMH,flyBoostUpperJumpAccelMPSS,flyBoostUpperJumpEN,sellValue,saleValue,QB_ReloadTimeSec,flyBoostDownMaxSpeedKMH,flyBoostUpperJumpDownMaxSpeedKMH,energyRecoveryDelayTimeForEmptySec,thrustersParamIDForPC,pad_end,computed_f00,computed_f01,computed_f02,computed_f03,computed_f04,computed_f05,computed_f06,computed_f07,computed_f08,computed_f09,computed_f10,computed_f11,computed_f12,computed_f13,computed_f14,computed_f_last,upperBoostMaxSpeedKMPH,upperBoostStartAccelMPSS,upperBoostMaxAccelMPSS,upperBoostBeginAccelTimeSec,upperBoostBeginToMaxAccelTimeSec,upperBoostHorizontalMaxSpeedKMPH,upperBoostHorizontalAccelMPSS,upperBoostDownMaxSpeedKMPH,assaultBoost_InitSpeedKMH,assaultBoost_EndSpeedKMH,assaultBoost_MinAccelTimeF30,assaultBoost_DrainEnStartTimeF32,assaultBoost_ReloadTimeSec,assaultBoost_OneShotDrainEnPoint,pad_1,assaultBoost_DrainEnPointPerSec,pad_2,Maker,bladeHoming_InitSpeedKMH,bladeHoming_EndSpeedKMH,bladeHoming_MinAccelTimeF30,bladeHoming_DrainEnStartTimeF32,bladeHoming_OneShotDrainEnPoint,pad_3,bladeHoming_DrainEnPointPerSec,flyBoostUpperJumpMaxAccelMPSS,flyBoostUpperJumpBeginAccelTimeSec,flyBoostUpperJumpBeginToMaxAccelTimeSec,QB_RegWeight,refId,assaultBoostSideAvoid_InitSpeedKMH,assaultBoostSideAvoid_EndSpeedKMH,assaultBoostSideAvoid_MinAccelTimeF30,assaultBoostSideAvoid_DrainEnStartTimeF32,assaultBoostSideAvoid_OneShotDrainEnPoint,pad_4,assaultBoostSideAvoid_DrainEnPointPerSec,pad_end2,
60000000,BST-G2/P04,0,0,0,[0|0|0],1,1010,100010,1710,0,0,250,0,290,260,520,0,0,0,350,260,260,0,0,0,650,560,350,11.5,372,372,412,50,334,234,650,25000,25000,0.56,400,0,0,10,[0|0|0|0|0|0|0|0],0,0,0,0,0,0,0,0,0,0,0,0,0,0,0,0,334,234,234,0,0,160,100,0,561,510,15,0,0.4,141,[0|0],353,[0|0],16,614,590,14,0,141,[0|0],470,234,0,0,82000,-1,477,434,11.5,0,448,[0|0],0,[0|0|0|0|0|0|0|0|0|0|0|0|0|0|0|0|0|0|0|0|0|0|0|0|0|0|0|0]
60000001,T-MOD_7 APRUM,0,0,0,[0|0|0],1,1210,100010,1725,0,0,440,0,280,260,520,0,0,0,350,260,260,0,0,0,770,540,428,12.8,338,338,428,50,323.95,227,650,25000,25000,0.4,400,0,0,10,[0|0|0|0|0|0|0|0],0,0,0,0,0,0,0,0,0,0,0,0,0,0,0,0,322,315,315,0,0,160,100,0,555,495,15,0,0.4,141,[0|0],440,[0|0],5,800,795,25,0,130,[0|0],460,211,0,0,98400,-1,477,434,11.5,0,448,[0|0],0,[0|0|0|0|0|0|0|0|0|0|0|0|0|0|0|0|0|0|0|0|0|0|0|0|0|0|0|0]
60000002,T-MOD_4 CAPRAE,0,0,0,[0|0|0],1,1310,100010,2230,0,0,228,0,280,260,520,0,0,0,350,260,260,0,0,0,960,580,425,9.9,372,372,425,50,280,200,650,25000,25000,0.33,400,0,0,10,[0|0|0|0|0|0|0|0],0,0,0,0,0,0,0,0,0,0,0,0,0,0,0,0,238,290,290,0,0,160,100,0,520,499,15,0,0.4,133,[0|0],400,[0|0],5,755,740,14,0,110,[0|0],490,227,0,0,74300,-1,533,500,11.5,0,448,[0|0],0,[0|0|0|0|0|0|0|0|0|0|0|0|0|0|0|0|0|0|0|0|0|0|0|0|0|0|0|0]
60000003,T-MOD_1 EQUUS,0,0,0,[0|0|0],1,1410,100010,2560,0,0,250,0,280,260,520,0,0,0,350,260,260,0,0,0,623,710,300,9.1,332,410,380,50,330,240,550,25000,25000,0.7,400,0,0,10,[0|0|0|0|0|0|0|0],0,0,0,0,0,0,0,0,0,0,0,0,0,0,0,0,326,227,227,0,0,160,100,0,661,550,15,0,0.4,200,[0|0],390,[0|0],5,890,690,14,0,200,[0|0],520,330,0,0,71000,-1,510,478,11,0,510,[0|0],0,[0|0|0|0|0|0|0|0|0|0|0|0|0|0|0|0|0|0|0|0|0|0|0|0|0|0|0|0]
60000004,T-MOD_2 VACCA,0,0,0,[0|0|0],1,1510,100010,900,0,0,215,0,280,260,520,0,0,0,350,260,260,0,0,0,650,560,320,20,360,360,398,50,323.95,227,650,25000,25000,0.98,400,0,0,10,[0|0|0|0|0|0|0|0],0,0,0,0,0,0,0,0,0,0,0,0,0,0,0,0,323.95,227,227,0,0,160,100,0,561,510,15,0,0.4,141,[0|0],353,[0|0],5,750,700,2,0,200,[0|0],550,227,0,0,99099,-1,477,434,11.5,0,448,[0|0],0,[0|0|0|0|0|0|0|0|0|0|0|0|0|0|0|0|0|0|0|0|0|0|0|0|0|0|0|0]
60000005,T-MOD_6 BOBUS,0,0,0,[0|0|0],1,1610,100010,2020,0,0,309,0,280,260,520,0,0,0,350,260,260,0,0,0,600,715,70,9.5,397,397,340,48,360,327,600,25000,25000,1.2,150,0,0,10,[0|0|0|0|0|0|0|0],0,0,0,0,0,0,0,0,0,0,0,0,0,0,0,0,350,260,260,0,0,160,100,0,503,523,15,0,0.4,150,[0|0],333,[0|0],5,699,680,17,0,141,[0|0],420,240,0,0,112900,-1,120,100,5,0,430,[0|0],0,[0|0|0|0|0|0|0|0|0|0|0|0|0|0|0|0|0|0|0|0|0|0|0|0|0|0|0|0]
60000006,T-MOD_9 ASINUS,0,0,0,[0|0|0],1,1710,100010,3110,0,0,300,0,280,260,520,0,0,0,350,260,260,0,0,0,830,590,470,9.2,401,401,422,50,323.95,227,650,25000,25000,0.42,400,0,0,10,[0|0|0|0|0|0|0|0],0,0,0,0,0,0,0,0,0,0,0,0,0,0,0,0,323.95,227,227,0,0,160,100,0,511,480,15,0,0.4,111,[0|0],344,[0|0],16,900,730,17,0,141,[0|0],470,227,0,0,76700,-1,577,455,8,0,410,[0|0],0,[0|0|0|0|0|0|0|0|0|0|0|0|0|0|0|0|0|0|0|0|0|0|0|0|0|0|0|0]
60010000,BC-0600 12345,0,0,0,[0|0|0],1,2010,400000,1360,0,0,180,0,280,260,520,0,0,0,350,260,260,0,0,0,800,520,321,16.5,348,348,378,50,347,243,800,25000,25000,0.8,400,0,0,10,[0|0|0|0|0|0|0|0],0,0,0,0,0,0,0,0,0,0,0,0,0,0,0,0,347,243,243,0,0,160,100,0,570,518,15,0,0.4,149,[0|0],372,[0|0],6,511,487,14,0,149,[0|0],496,243,0,0,97000,-1,485,440,16.5,0,416,[0|0],0,[0|0|0|0|0|0|0|0|0|0|0|0|0|0|0|0|0|0|0|0|0|0|0|0|0|0|0|0]
60020000,ALULA/21E,0,0,0,[0|0|0],1,3010,210000,1900,0,0,410,0,280,260,520,0,0,0,350,260,260,0,0,0,700,690,368,9,400,400,433,50,304,213,700,37600,37600,0.35,400,0,0,10,[0|0|0|0|0|0|0|0],0,0,0,0,0,0,0,0,0,0,0,0,0,0,0,0,304,213,213,0,0,160,100,0,600,545,15,0,0.4,174,[0|0],435,[0|0],8,685,652,14,0,173,[0|0],575,213,0,0,62400,-1,510,463,9,0,552,[0|0],0,[0|0|0|0|0|0|0|0|0|0|0|0|0|0|0|0|0|0|0|0|0|0|0|0|0|0|0|0]
60021000,ALULA/21E/RC,0,0,0,[0|0|0],1,3015,210000,2100,0,0,395,0,280,260,520,0,0,0,350,260,260,0,0,0,1225,698,301,9,285,265,318,45,202,185,925,37600,37600,0.62,600,0,0,10,[0|0|0|0|0|0|0|0],0,0,0,0,0,0,0,0,0,0,0,0,0,0,0,0,204,150,150,0,0,140,100,0,400,425,25,0,1,200,[0|0],455,[0|0],8,501,512,9,0,201,[0|0],611,213,0,0,60100,-1,301,311,9,0,499,[0|0],0,[0|0|0|0|0|0|0|0|0|0|0|0|0|0|0|0|0|0|0|0|0|0|0|0|0|0|0|0]
60030000,FLUEGEL/21Z,0,0,0,[0|0|0],1,4010,210010,1980,0,0,282,0,280,260,520,0,0,0,350,260,260,0,0,0,680,600,340,12,386,386,400,50,338,237,680,37200,37200,0.5,400,0,0,10,[0|0|0|0|0|0|0|0],0,0,0,0,0,0,0,0,0,0,0,0,0,0,0,0,338,237,237,0,0,160,100,0,581,528,15,0,0.4,159,[0|0],398,[0|0],8,819,780,14,0,146,[0|0],485,237,0,0,73800,-1,494,449,12,0,480,[0|0],0,[0|0|0|0|0|0|0|0|0|0|0|0|0|0|0|0|0|0|0|0|0|0|0|0|0|0|0|0]
60040000,BUERZEL/21D,0,0,0,[0|0|0],1,5010,210020,2240,0,0,480,0,280,260,520,0,0,0,350,260,260,0,0,0,710,630,307,8,370,370,361,50,318,223,710,25000,25000,0.91,400,0,0,10,[0|0|0|0|0|0|0|0],0,0,0,0,0,0,0,0,0,0,0,0,0,0,0,0,318,223,223,0,0,160,100,0,614,558,15,0,0.4,151,[0|0],378,[0|0],8,655,624,14,0,176,[0|0],588,223,0,0,100600,-1,522,474,8,0,504,[0|0],0,[0|0|0|0|0|0|0|0|0|0|0|0|0|0|0|0|0|0|0|0|0|0|0|0|0|0|0|0]
60050000,BST-G2/P06SPD,0,0,0,[0|0|0],1,6010,100020,1420,0,0,390,0,280,260,520,0,0,0,350,260,260,0,0,0,672,700,316,11,408,408,372,50,313,219,672,68000,68000,0.5,400,0,0,10,[0|0|0|0|0|0|0|0],0,0,0,0,0,0,0,0,0,0,0,0,0,0,0,0,313,219,219,0,0,160,100,0,573,521,15,0,0.4,152,[0|0],381,[0|0],16,730,695,14,0,152,[0|0],507,219,0,0,76000,-1,487,443,11,0,560,[0|0],0,[0|0|0|0|0|0|0|0|0|0|0|0|0|0|0|0|0|0|0|0|0|0|0|0|0|0|0|0]
60060000,BC-0200 GRIDWALKER,0,0,0,[0|0|0],1,7010,400020,2010,0,0,244,0,280,260,520,0,0,0,350,260,260,0,0,0,660,660,323,10,384,384,380,50,380,266,660,15000,15000,0.7,400,0,0,10,[0|0|0|0|0|0|0|0],0,0,0,0,0,0,0,0,0,0,0,0,0,0,0,0,380,266,266,0,0,160,100,0,567,515,15,0,0.4,155,[0|0],387,[0|0],6,790,752,14,0,156,[0|0],520,266,0,0,60900,-1,482,438,10,0,528,[0|0],0,[0|0|0|0|0|0|0|0|0|0|0|0|0|0|0|0|0|0|0|0|0|0|0|0|0|0|0|0]
60070000,IB-C03B: NGI 001,0,0,0,[0|0|0],1,8010,600010,1930,0,0,342,0,280,260,520,0,0,0,350,260,260,0,0,0,750,740,377,13,388,388,444,50,360,252,750,15000,15000,0.63,400,0,0,10,[0|0|0|0|0|0|0|0],0,0,0,0,0,0,0,0,0,0,0,0,0,0,0,0,360,252,252,0,0,160,100,0,583,530,15,0,0.4,162,[0|0],405,[0|0],2,664,632,14,0,167,[0|0],558,252,0,0,90200,-1,496,451,13,0,592,[0|0],0,[0|0|0|0|0|0|0|0|0|0|0|0|0|0|0|0|0|0|0|0|0|0|0|0|0|0|0|0]
60070100,IA-C01B: GILLS,0,0,0,[0|0|0],1,8020,600000,1590,0,0,400,0,280,260,520,0,0,0,350,260,260,0,0,0,580,620,340,8.5,396,396,388,50,329,230,580,15000,15000,0.3,400,0,0,10,[0|0|0|0|0|0|0|0],0,0,0,0,0,0,0,0,0,0,0,0,0,0,0,0,329,230,230,0,0,160,100,0,574,522,15,0,0.4,156,[0|0],391,[0|0],2,390,371,14,0,189,[0|0],630,230,0,0,68300,-1,488,444,8.5,0,496,[0|0],0,[0|0|0|0|0|0|0|0|0|0|0|0|0|0|0|0|0|0|0|0|0|0|0|0|0|0|0|0]
60070200,AB-J-137 KIKAKU,0,0,0,[0|0|0],1,8030,0,1820,0,0,266,0,280,260,520,0,0,0,350,260,260,0,0,0,656,550,326,9.5,340,340,383,50,295,207,656,15000,15000,0.55,400,0,0,10,[0|0|0|0|0|0|0|0],0,0,0,0,0,0,0,0,0,0,0,0,0,0,0,0,295,207,207,0,0,160,100,0,542,493,15,0,0.4,128,[0|0],320,[0|0],15,883,841,14,0,128,[0|0],425,207,0,0,75800,-1,461,419,9.5,0,440,[0|0],0,[0|0|0|0|0|0|0|0|0|0|0|0|0|0|0|0|0|0|0|0|0|0|0|0|0|0|0|0]
60070300,BC-0400 MULE,0,0,0,[0|0|0],1,8040,400010,970,0,0,120,0,280,260,520,0,0,0,350,260,260,0,0,0,320,534,298,14,325,325,350,50,286,200,405,15000,15000,0.58,400,0,0,10,[0|0|0|0|0|0|0|0],0,0,0,0,0,0,0,0,0,0,0,0,0,0,0,0,286,200,200,0,0,160,100,0,501,455,15,0,0.4,102,[0|0],354,[0|0],6,442,421,14,0,100,[0|0],370,200,0,0,91100,-1,426,387,14,0,420,[0|0],0,[0|0|0|0|0|0|0|0|0|0|0|0|0|0|0|0|0|0|0|0|0|0|0|0|0|0|0|0]
60070400,BST-G1/P10,0,0,0,[0|0|0],1,9999,100000,1300,0,0,130,0,280,260,520,0,0,0,350,260,260,0,0,0,630,480,299,11.7,351,351,352,50,305,214,630,14700,14700,0.6,400,0,0,10,[0|0|0|0|0|0|0|0],0,0,0,0,0,0,0,0,0,0,0,0,0,0,0,0,305,214,214,0,0,160,100,0,576,524,15,0,0.4,151,[0|0],377,[0|0],16,518,493,14,0,159,[0|0],529,214,0,0,80500,-1,490,445,11.7,0,384,[0|0],0,[0|0|0|0|0|0|0|0|0|0|0|0|0|0|0|0|0|0|0|0|0|0|0|0|0|0|0|0]
60070500,IX-02 OLIVES,0,0,0,[0|0|0],1,8050,2,2230,0,0,218,0,320,460,520,0,0,0,350,260,260,0,0,0,572,647,410,7,367,367,450,50,298,301,571.9,37200,37200,0.65,400,0,0,10,[0|0|0|0|0|0|0|0],0,0,0,0,0,0,0,0,0,0,0,0,0,0,0,0,288,287,200,0,0,160,100,0,604,428,5,0,0.4,233,[0|0],408,[0|0],10,859,614,4,0,160,[0|0],458,237,0,0,84600,-1,534,489,6.5,0,400,[0|0],0,[0|0|0|0|0|0|0|0|0|0|0|0|0|0|0|0|0|0|0|0|0|0|0|0|0|0|0|0]
60900000,AB-J-137 KIKAKU (Escape Mission Variant),0,0,0,[0|0|0],1,8031,1,1620,0,0,300,0,280,260,520,0,0,0,350,260,260,0,0,0,900,1100,257,11.5,260,260,250,45,195,140,900,14700,14700,0.6,400,0,0,10,[0|0|0|0|0|0|0|0],260,200,900,250,11.5,1100,0.6,0,0,0,0,0,0,0,0,0,200,140,140,0,0,150,100,0,300,400,15,0,1.2,200,[0|0],500,[0|0],15,290,362.5,10,0,210,[0|0],700,140,0,0,65100,-1,255,340,12,0,880,[0|0],0,[0|0|0|0|0|0|0|0|0|0|0|0|0|0|0|0|0|0|0|0|0|0|0|0|0|0|0|0]
60900001,AB-J-137 KIKAKU/RC,0,0,0,[0|0|0],1,8031,1,1620,0,0,300,0,280,260,520,0,0,0,350,260,260,0,0,0,900,598,257,11.5,260,260,250,45,195,140,900,14700,14700,0.6,400,0,0,10,[0|0|0|0|0|0|0|0],260,200,900,250,11.5,1100,0.6,0,0,0,0,0,0,0,0,0,200,150,150,0,0,140,100,0,300,400,15,0,1.2,200,[0|0],395,[0|0],15,610,675,14,0,210,[0|0],500,140,0,0,68900,-1,200,298,8,0,880,[0|0],0,[0|0|0|0|0|0|0|0|0|0|0|0|0|0|0|0|0|0|0|0|0|0|0|0|0|0|0|0]
60900100,BST-G1/P10 [Inherited],0,0,0,[0|0|0],0,0,0,1,0,0,0,0,0,0,0,0,0,0,0,0,0,0,0,0,0,0,500,10,0,0,0,0,0,0,0,0,-1,0,0,0,0,0,[0|0|0|0|0|0|0|0],0,0,0,0,0,0,0,0,0,0,0,0,0,0,0,0,0,0,0,0,0,0,0,0,0,0,0,0,0,0,[0|0],0,[0|0],0,0,0,0,0,0,[0|0],0,0,0,0,0,60070400,0,0,0,0,0,[0|0],0,[0|0|0|0|0|0|0|0|0|0|0|0|0|0|0|0|0|0|0|0|0|0|0|0|0|0|0|0]
60900200,BST-G1/P10 [Inherited],0,0,0,[0|0|0],0,0,0,1,0,0,0,0,0,0,0,0,0,0,0,0,0,0,0,0,0,0,500,10,0,0,0,0,0,0,0,0,-1,0,0,0,0,0,[0|0|0|0|0|0|0|0],0,0,0,0,0,0,0,0,0,0,0,0,0,0,0,0,0,0,0,0,0,0,0,0,0,0,0,0,0,0,[0|0],0,[0|0],0,0,0,0,0,0,[0|0],0,0,0,0,0,60070400,0,0,0,0,0,[0|0],0,[0|0|0|0|0|0|0|0|0|0|0|0|0|0|0|0|0|0|0|0|0|0|0|0|0|0|0|0]
60900300,ALULA/21E [Inherited],0,0,0,[0|0|0],0,0,0,1,0,0,0,0,0,0,0,0,0,0,0,0,0,0,0,0,0,0,500,10,0,0,0,0,0,0,0,0,-1,0,0,0,0,0,[0|0|0|0|0|0|0|0],0,0,0,0,0,0,0,0,0,0,0,0,0,0,0,0,0,0,0,0,0,0,0,0,0,0,0,0,0,0,[0|0],0,[0|0],0,0,0,0,0,0,[0|0],0,0,0,0,0,60020000,0,0,0,0,0,[0|0],0,[0|0|0|0|0|0|0|0|0|0|0|0|0|0|0|0|0|0|0|0|0|0|0|0|0|0|0|0]
60900400,BC-0600 12345 [Inherited],0,0,0,[0|0|0],0,0,0,1,0,0,0,0,0,0,0,0,0,0,0,0,0,0,0,0,0,0,500,10,0,0,0,0,0,0,0,0,-1,0,0,0,0,0,[0|0|0|0|0|0|0|0],0,0,0,0,0,0,0,0,0,0,0,0,0,0,0,0,0,0,0,0,0,0,0,0,0,0,0,0,0,0,[0|0],0,[0|0],0,0,0,0,0,0,[0|0],0,0,0,0,0,60010000,0,0,0,0,0,[0|0],0,[0|0|0|0|0|0|0|0|0|0|0|0|0|0|0|0|0|0|0|0|0|0|0|0|0|0|0|0]
60900500,BST-G2/P04 [Inherited],0,0,0,[0|0|0],0,0,0,1,0,0,0,0,0,0,0,0,0,0,0,0,0,0,0,0,0,0,500,10,0,0,0,0,0,0,0,0,-1,0,0,0,0,0,[0|0|0|0|0|0|0|0],0,0,0,0,0,0,0,0,0,0,0,0,0,0,0,0,0,0,0,0,0,0,0,0,0,0,0,0,0,0,[0|0],0,[0|0],0,0,0,0,0,0,[0|0],0,0,0,0,0,60000000,0,0,0,0,0,[0|0],0,[0|0|0|0|0|0|0|0|0|0|0|0|0|0|0|0|0|0|0|0|0|0|0|0|0|0|0|0]
60901000,AB-J-137 KIKAKU (Escape) [Inherited],0,0,0,[0|0|0],0,0,0,1,0,0,0,0,0,0,0,0,0,0,0,0,0,0,0,0,0,0,500,10,0,0,0,0,0,0,0,0,-1,0,0,0,0,0,[0|0|0|0|0|0|0|0],0,0,0,0,0,0,0,0,0,0,0,0,0,0,0,0,0,0,0,0,0,0,0,0,0,0,0,0,0,0,[0|0],0,[0|0],0,0,0,0,0,0,[0|0],0,0,0,0,0,60900000,0,0,0,0,0,[0|0],0,[0|0|0|0|0|0|0|0|0|0|0|0|0|0|0|0|0|0|0|0|0|0|0|0|0|0|0|0]
60901100,BST-G1/P10 [Inherited],0,0,0,[0|0|0],0,0,0,1,0,0,0,0,0,0,0,0,0,0,0,0,0,0,0,0,0,0,500,10,0,0,0,0,0,0,0,0,-1,0,0,0,0,0,[0|0|0|0|0|0|0|0],0,0,0,0,0,0,0,0,0,0,0,0,0,0,0,0,0,0,0,0,0,0,0,0,0,0,0,0,0,0,[0|0],0,[0|0],0,0,0,0,0,0,[0|0],0,0,0,0,0,60070400,0,0,0,0,0,[0|0],0,[0|0|0|0|0|0|0|0|0|0|0|0|0|0|0|0|0|0|0|0|0|0|0|0|0|0|0|0]
63300000,TANK BUILT-IN - LG-022T BORNEMISSZA,0,0,0,[0|0|0],1,1010,100030,0,0,0,0,0,280,260,520,0.1,1,0,350,260,260,0,0,0,700,810,377,10.2,362,280,443,50,250,175,700,100,100,0.8,400,50,0,0,[0|0|0|0|0|0|0|0],362,220,700,443,10.2,810,0.8,0,0,0,0,0,0,0,0,0,220,175,175,0,3,150,100,50,513,466,15,0,0.4,144,[0|0],360,[0|0],11,510,486,14,0,162,[0|0],540,175,0,0,100300,-1,436,396,10.2,0,648,[0|0],0,[0|0|0|0|0|0|0|0|0|0|0|0|0|0|0|0|0|0|0|0|0|0|0|0|0|0|0|0]
63300100,TANK BUILT-IN - Balam Bike,0,0,0,[0|0|0],1,1010,100030,0,0,0,0,0,280,260,520,0.1,1,0,350,260,260,0,0,450,750,750,500,9,495,400,150,2,50,175,820,100,100,1.5,400,50,0,0,[0|0|0|0|0|0|0|0],600,280,780,500,9,680,1.5,0,0,0,0,0,0,0,0,0,150,0,0,0,3,150,100,250,513,466,15,0,1,754,[0|0],512,[0|0],11,250,500,9,0,550,[0|0],750,175,0,0,63700,-1,600,465,9,0,750,[0|0],0,[0|0|0|0|0|0|0|0|0|0|0|0|0|0|0|0|0|0|0|0|0|0|0|0|0|0|0|0]
63300200,TANK BUILT-IN - Arquebike,0,0,0,[0|0|0],1,1010,100030,0,0,0,0,0,280,260,520,0.1,1,0,350,260,260,0,0,450,1250,1245,255,5,695,600,250,2,50,175,820,100,100,5,400,50,0,0,[0|0|0|0|0|0|0|0],362,220,700,443,5,810,2.8,0,0,0,0,0,0,0,0,0,220,0,0,0,3,150,100,250,578,560,10,0,0.4,245,[0|0],316,[0|0],7,236,245,28.6,0,455,[0|0],698,175,0,0,60800,-1,500,418,6.1,0,501,[0|0],0,[0|0|0|0|0|0|0|0|0|0|0|0|0|0|0|0|0|0|0|0|0|0|0|0|0|0|0|0]
63300300,TANK BUILT-IN - Army Bike,0,0,0,[0|0|0],1,1010,100030,0,0,0,0,0,280,260,520,0.1,1,0,350,260,260,0,0,450,700,698,470,7,425,375,265,2,25,50,820,100,100,1.7,400,50,0,0,[0|0|0|0|0|0|0|0],362,220,700,443,7,810,1.7,0,0,0,0,0,0,0,0,0,120,0,0,0,3,150,100,450,485,458,5,0,0.4,356,[0|0],468,[0|0],10,202,200,8.1,0,386,[0|0],577,175,0,0,76200,-1,433,392,8.3,0,896,[0|0],0,[0|0|0|0|0|0|0|0|0|0|0|0|0|0|0|0|0|0|0|0|0|0|0|0|0|0|0|0]
63340000,TANK BUILT-IN - VE-42B,0,0,0,[0|0|0],1,1010,300030,0,0,0,0,0,280,260,520,0.1,1,0,350,260,260,0,0,0,912,880,366,12,316,359,430,70,300,210,912,100,100,0.7,100,40,0,0,[0|0|0|0|0|0|0|0],316,300,912,430,12,880,0.7,0,0,0,0,0,0,0,0,0,300,210,210,0,3,150,100,40,693,630,15,0,0.4,172,[0|0],430,[0|0],20,620,590,14,0,180,[0|0],600,210,0,0,91000,-1,589,536,12,0,704,[0|0],0,[0|0|0|0|0|0|0|0|0|0|0|0|0|0|0|0|0|0|0|0|0|0|0|0|0|0|0|0]
63340100,TANK BUILT-IN - NOAH,0,0,0,[0|0|0],1,1010,300030,0,0,0,0,0,280,260,520,0.1,1,0,350,260,260,0,0,0,690,650,180,14.5,400,300,460,55,300,170,780,100,100,0.66,400,50,0,0,[0|0|0|0|0|0|0|0],316,300,912,430,12,880,0.7,0,0,0,0,0,0,0,0,0,210,170,180,0,3,150,100,50,700,610,15,0,0.4,200,[0|0],410,[0|0],10,1020,1000,14,0,180,[0|0],600,167,0,0,130000,-1,889,656,12,0,704,[0|0],0,[0|0|0|0|0|0|0|0|0|0|0|0|0|0|0|0|0|0|0|0|0|0|0|0|0|0|0|0]
63340800,HOVER BUILT-IN - IANITOR [1],0,0,0,[0|0|0],1,1010,300030,0,0,0,0,0,280,260,520,0.1,1,0,350,260,260,0,0,0,250,500,410,10,250,550,410,10,410,0,250,100,100,0.45,200,50,0,0,[0|0|0|0|0|0|0|0],315,300,912,430,12,880,0.7,0,0,0,0,0,0,0,0,0,295,590,290,0,3,360,1400,50,630,600,15,0,1,200,[0|0],390,[0|0],5,720,590,17,0,180,[0|0],600,410,0,0,65600,-1,500,500,12,0,500,[0|0],0,[0|0|0|0|0|0|0|0|0|0|0|0|0|0|0|0|0|0|0|0|0|0|0|0|0|0|0|0]
63350000,BUILT-IN - BALTEUS,0,0,0,[0|0|0],1,1010,300030,0,0,0,0,0,280,260,520,0.1,1,0,350,260,260,0,0,0,600,700,366,12,316,359,422,70,300,210,912,100,100,0.7,100,40,0,0,[0|0|0|0|0|0|0|0],316,300,912,430,12,880,0.7,0,0,0,0,0,0,0,0,0,300,210,210,0,3,150,100,40,693,630,15,0,0.4,172,[0|0],430,[0|0],3,620,590,14,0,180,[0|0],600,210,0,0,115000,-1,589,536,12,0,704,[0|0],0,[0|0|0|0|0|0|0|0|0|0|0|0|0|0|0|0|0|0|0|0|0|0|0|0|0|0|0|0]
63360000,TANK BUILT-IN - EL-TL-11 FORTALEZA,0,0,0,[0|0|0],1,1010,410030,0,0,0,0,0,280,260,520,0.1,1,0,350,260,260,0,0,0,780,680,425,8,430,320,500,50,280,196,780,100,100,0.5,400,50,0,0,[0|0|0|0|0|0|0|0],430,280,780,500,8,680,0.5,0,0,0,0,0,0,0,0,0,280,196,196,0,1,150,100,50,594,540,15,0,0.4,163,[0|0],408,[0|0],19,567,540,14,0,170,[0|0],567,196,0,0,69300,-1,505,459,8,0,544,[0|0],0,[0|0|0|0|0|0|0|0|0|0|0|0|0|0|0|0|0|0|0|0|0|0|0|0|0|0|0|0]
88888800,BOOST BUILT-IN - IANITOR [0],0,0,0,[0|0|0],1,1010,410030,0,0,0,0,0,280,260,520,0.1,1,0,350,260,260,0,0,0,1000,630,385,10,535,200,385,20,50,75,1600,100,100,0.6,500,50,0,0,[0|0|0|0|0|0|0|0],430,280,780,500,8,720,0.5,0,0,0,0,0,0,0,0,0,90,90,90,0,1,400,300,50,1200,1000,15,0,0.4,600,[0|0],3000,[0|0],5,567,540,14,0,170,[0|0],567,196,0,0,75000,-1,486,442,8,0,300,[0|0],0,[0|0|0|0|0|0|0|0|0|0|0|0|0|0|0|0|0|0|0|0|0|0|0|0|0|0|0|0]
